Site,Parameter,Date (LT),Year,Month,Day,Hour,NowCast Conc.,AQI,AQI Category,Raw Conc.,Conc. Unit,Duration,QC Name
Ulaanbaatar,PM2.5 - Principal,2025-01-01 01:00 AM,2025,01,01,01,251.4,353,Hazardous,312.0,UG/M3,1 Hr,Valid
Ulaanbaatar,PM2.5 - Principal,2025-01-01 02:00 AM,2025,01,01,02,272.7,395,Hazardous,294.0,UG/M3,1 Hr,Valid
Ulaanbaatar,PM2.5 - Principal,2025-01-01 03:00 AM,2025,01,01,03,272.8,395,Hazardous,273.0,UG/M3,1 Hr,Valid
Ulaanbaatar,PM2.5 - Principal,2025-01-01 04:00 AM,2025,01,01,04,240.4,331,Hazardous,208.0,UG/M3,1 Hr,Valid
Ulaanbaatar,PM2.5 - Principal,2025-01-01 05:00 AM,2025,01,01,05,239.2,328,Hazardous,238.0,UG/M3,1 Hr,Valid
Ulaanbaatar,PM2.5 - Principal,2025-01-01 06:00 AM,2025,01,01,06,184.6,260,Very Unhealthy,130.0,UG/M3,1 Hr,Valid
Ulaanbaatar,PM2.5 - Principal,2025-01-01 07:00 AM,2025,01,01,07,134.7,210,Very Unhealthy,85.0,UG/M3,1 Hr,Valid
Ulaanbaatar,PM2.5 - Principal,2025-01-01 08:00 AM,2025,01,01,08,104.3,185,Unhealthy,74.0,UG/M3,1 Hr,Valid
Ulaanbaatar,PM2.5 - Principal,2025-01-01 09:00 AM,2025,01,01,09,101.1,183,Unhealthy,98.0,UG/M3,1 Hr,Valid
Ulaanbaatar,PM2.5 - Principal,2025-01-01 10:00 AM,2025,01,01,10,112.5,191,Unhealthy,124.0,UG/M3,1 Hr,Valid
Ulaanbaatar,PM2.5 - Principal,2025-01-01 11:00 AM,2025,01,01,11,104.2,185,Unhealthy,96.0,UG/M3,1 Hr,Valid
Ulaanbaatar,PM2.5 - Principal,2025-01-01 12:00 PM,2025,01,01,12,99.6,182,Unhealthy,95.0,UG/M3,1 Hr,Valid
Ulaanbaatar,PM2.5 - Principal,2025-01-01 01:00 PM,2025,01,01,13,88.7,174,Unhealthy,78.0,UG/M3,1 Hr,Valid
Ulaanbaatar,PM2.5 - Principal,2025-01-01 02:00 PM,2025,01,01,14,102.8,184,Unhealthy,117.0,UG/M3,1 Hr,Valid
Ulaanbaatar,PM2.5 - Principal,2025-01-01 03:00 PM,2025,01,01,15,79.9,168,Unhealthy,57.0,UG/M3,1 Hr,Valid
Ulaanbaatar,PM2.5 - Principal,2025-01-01 04:00 PM,2025,01,01,16,56.4,152,Unhealthy,33.0,UG/M3,1 Hr,Valid
Ulaanbaatar,PM2.5 - Principal,2025-01-01 05:00 PM,2025,01,01,17,48.1,132,Unhealthy for Sensitive Groups,40.0,UG/M3,1 Hr,Valid
Ulaanbaatar,PM2.5 - Principal,2025-01-01 06:00 PM,2025,01,01,18,46.5,128,Unhealthy for Sensitive Groups,45.0,UG/M3,1 Hr,Valid
Ulaanbaatar,PM2.5 - Principal,2025-01-01 07:00 PM,2025,01,01,19,62.7,156,Unhealthy,79.0,UG/M3,1 Hr,Valid
Ulaanbaatar,PM2.5 - Principal,2025-01-01 08:00 PM,2025,01,01,20,118.4,195,Unhealthy,174.0,UG/M3,1 Hr,Valid
Ulaanbaatar,PM2.5 - Principal,2025-01-01 09:00 PM,2025,01,01,21,182.7,258,Very Unhealthy,247.0,UG/M3,1 Hr,Valid
Ulaanbaatar,PM2.5 - Principal,2025-01-01 10:00 PM,2025,01,01,22,198.8,274,Very Unhealthy,215.0,UG/M3,1 Hr,Valid
Ulaanbaatar,PM2.5 - Principal,2025-01-01 11:00 PM,2025,01,01,23,155.4,231,Very Unhealthy,112.0,UG/M3,1 Hr,Valid
Ulaanbaatar,PM2.5 - Principal,2025-01-02 12:00 AM,2025,01,02,00,121.2,197,Unhealthy,87.0,UG/M3,1 Hr,Valid
Ulaanbaatar,PM2.5 - Principal,2025-01-02 01:00 AM,2025,01,02,01,109.6,189,Unhealthy,98.0,UG/M3,1 Hr,Valid
Ulaanbaatar,PM2.5 - Principal,2025-01-02 02:00 AM,2025,01,02,02,87.7,174,Unhealthy,66.0,UG/M3,1 Hr,Valid
Ulaanbaatar,PM2.5 - Principal,2025-01-02 03:00 AM,2025,01,02,03,63.8,157,Unhealthy,40.0,UG/M3,1 Hr,Valid
Ulaanbaatar,PM2.5 - Principal,2025-01-02 04:00 AM,2025,01,02,04,54.9,149,Unhealthy for Sensitive Groups,46.0,UG/M3,1 Hr,Valid
Ulaanbaatar,PM2.5 - Principal,2025-01-02 05:00 AM,2025,01,02,05,59.4,154,Unhealthy,64.0,UG/M3,1 Hr,Valid
Ulaanbaatar,PM2.5 - Principal,2025-01-02 06:00 AM,2025,01,02,06,47.2,130,Unhealthy for Sensitive Groups,35.0,UG/M3,1 Hr,Valid
Ulaanbaatar,PM2.5 - Principal,2025-01-02 07:00 AM,2025,01,02,07,41.1,115,Unhealthy for Sensitive Groups,35.0,UG/M3,1 Hr,Valid
Ulaanbaatar,PM2.5 - Principal,2025-01-02 08:00 AM,2025,01,02,08,59.0,153,Unhealthy,77.0,UG/M3,1 Hr,Valid
Ulaanbaatar,PM2.5 - Principal,2025-01-02 09:00 AM,2025,01,02,09,89.5,175,Unhealthy,120.0,UG/M3,1 Hr,Valid
Ulaanbaatar,PM2.5 - Principal,2025-01-02 10:00 AM,2025,01,02,10,116.7,194,Unhealthy,144.0,UG/M3,1 Hr,Valid
Ulaanbaatar,PM2.5 - Principal,2025-01-02 11:00 AM,2025,01,02,11,162.3,237,Very Unhealthy,208.0,UG/M3,1 Hr,Valid
Ulaanbaatar,PM2.5 - Principal,2025-01-02 12:00 PM,2025,01,02,12,177.2,252,Very Unhealthy,192.0,UG/M3,1 Hr,Valid
Ulaanbaatar,PM2.5 - Principal,2025-01-02 01:00 PM,2025,01,02,13,122.5,198,Unhealthy,68.0,UG/M3,1 Hr,Valid
Ulaanbaatar,PM2.5 - Principal,2025-01-02 02:00 PM,2025,01,02,14,72.7,163,Unhealthy,23.0,UG/M3,1 Hr,Valid
Ulaanbaatar,PM2.5 - Principal,2025-01-02 03:00 PM,2025,01,02,15,45.3,125,Unhealthy for Sensitive Groups,18.0,UG/M3,1 Hr,Valid
Ulaanbaatar,PM2.5 - Principal,2025-01-02 04:00 PM,2025,01,02,16,31.6,93,Moderate,18.0,UG/M3,1 Hr,Valid
Ulaanbaatar,PM2.5 - Principal,2025-01-02 05:00 PM,2025,01,02,17,21.3,74,Moderate,11.0,UG/M3,1 Hr,Valid
Ulaanbaatar,PM2.5 - Principal,2025-01-02 06:00 PM,2025,01,02,18,21.3,74,Moderate,-999.0,UG/M3,1 Hr,Missing
Ulaanbaatar,PM2.5 - Principal,2025-01-03 03:00 PM,2025,01,03,15,-999.0,-999,N/A,44.0,UG/M3,1 Hr,Valid
Ulaanbaatar,PM2.5 - Principal,2025-01-03 04:00 PM,2025,01,03,16,74.6,164,Unhealthy,90.0,UG/M3,1 Hr,Valid
Ulaanbaatar,PM2.5 - Principal,2025-01-03 05:00 PM,2025,01,03,17,72.0,163,Unhealthy,70.0,UG/M3,1 Hr,Valid
Ulaanbaatar,PM2.5 - Principal,2025-01-03 06:00 PM,2025,01,03,18,66.1,158,Unhealthy,61.0,UG/M3,1 Hr,Valid
Ulaanbaatar,PM2.5 - Principal,2025-01-03 07:00 PM,2025,01,03,19,109.9,189,Unhealthy,151.0,UG/M3,1 Hr,Valid
Ulaanbaatar,PM2.5 - Principal,2025-01-03 08:00 PM,2025,01,03,20,165.3,240,Very Unhealthy,219.0,UG/M3,1 Hr,Valid
Ulaanbaatar,PM2.5 - Principal,2025-01-03 09:00 PM,2025,01,03,21,151.0,226,Very Unhealthy,137.0,UG/M3,1 Hr,Valid
Ulaanbaatar,PM2.5 - Principal,2025-01-03 10:00 PM,2025,01,03,22,161.5,237,Very Unhealthy,172.0,UG/M3,1 Hr,Valid
Ulaanbaatar,PM2.5 - Principal,2025-01-03 11:00 PM,2025,01,03,23,133.7,209,Very Unhealthy,106.0,UG/M3,1 Hr,Valid
Ulaanbaatar,PM2.5 - Principal,2025-01-04 12:00 AM,2025,01,04,00,124.3,199,Unhealthy,115.0,UG/M3,1 Hr,Valid
Ulaanbaatar,PM2.5 - Principal,2025-01-04 01:00 AM,2025,01,04,01,155.1,230,Very Unhealthy,186.0,UG/M3,1 Hr,Valid
Ulaanbaatar,PM2.5 - Principal,2025-01-04 02:00 AM,2025,01,04,02,204.6,279,Very Unhealthy,254.0,UG/M3,1 Hr,Valid
Ulaanbaatar,PM2.5 - Principal,2025-01-04 03:00 AM,2025,01,04,03,258.8,367,Hazardous,313.0,UG/M3,1 Hr,Valid
Ulaanbaatar,PM2.5 - Principal,2025-01-04 04:00 AM,2025,01,04,04,308.9,467,Hazardous,359.0,UG/M3,1 Hr,Valid
Ulaanbaatar,PM2.5 - Principal,2025-01-04 05:00 AM,2025,01,04,05,252.4,355,Hazardous,196.0,UG/M3,1 Hr,Valid
Ulaanbaatar,PM2.5 - Principal,2025-01-04 06:00 AM,2025,01,04,06,157.7,233,Very Unhealthy,63.0,UG/M3,1 Hr,Valid
Ulaanbaatar,PM2.5 - Principal,2025-01-04 07:00 AM,2025,01,04,07,111.8,190,Unhealthy,66.0,UG/M3,1 Hr,Valid
Ulaanbaatar,PM2.5 - Principal,2025-01-04 08:00 AM,2025,01,04,08,93.9,178,Unhealthy,76.0,UG/M3,1 Hr,Valid
Ulaanbaatar,PM2.5 - Principal,2025-01-04 09:00 AM,2025,01,04,09,104.4,185,Unhealthy,115.0,UG/M3,1 Hr,Valid
Ulaanbaatar,PM2.5 - Principal,2025-01-04 10:00 AM,2025,01,04,10,162.2,237,Very Unhealthy,220.0,UG/M3,1 Hr,Valid
Ulaanbaatar,PM2.5 - Principal,2025-01-04 11:00 AM,2025,01,04,11,280.1,410,Hazardous,398.0,UG/M3,1 Hr,Valid
Ulaanbaatar,PM2.5 - Principal,2025-01-04 12:00 PM,2025,01,04,12,214.0,289,Very Unhealthy,148.0,UG/M3,1 Hr,Valid
Ulaanbaatar,PM2.5 - Principal,2025-01-04 01:00 PM,2025,01,04,13,138.5,214,Very Unhealthy,63.0,UG/M3,1 Hr,Valid
Ulaanbaatar,PM2.5 - Principal,2025-01-04 02:00 PM,2025,01,04,14,98.7,181,Unhealthy,59.0,UG/M3,1 Hr,Valid
Ulaanbaatar,PM2.5 - Principal,2025-01-04 03:00 PM,2025,01,04,15,78.3,167,Unhealthy,58.0,UG/M3,1 Hr,Valid
Ulaanbaatar,PM2.5 - Principal,2025-01-04 04:00 PM,2025,01,04,16,110.6,190,Unhealthy,143.0,UG/M3,1 Hr,Valid
Ulaanbaatar,PM2.5 - Principal,2025-01-04 05:00 PM,2025,01,04,17,181.3,256,Very Unhealthy,252.0,UG/M3,1 Hr,Valid
Ulaanbaatar,PM2.5 - Principal,2025-01-04 06:00 PM,2025,01,04,18,181.1,256,Very Unhealthy,181.0,UG/M3,1 Hr,Valid
Ulaanbaatar,PM2.5 - Principal,2025-01-04 07:00 PM,2025,01,04,19,141.5,217,Very Unhealthy,102.0,UG/M3,1 Hr,Valid
Ulaanbaatar,PM2.5 - Principal,2025-01-04 08:00 PM,2025,01,04,20,107.2,187,Unhealthy,73.0,UG/M3,1 Hr,Valid
Ulaanbaatar,PM2.5 - Principal,2025-01-04 09:00 PM,2025,01,04,21,89.6,175,Unhealthy,72.0,UG/M3,1 Hr,Valid
Ulaanbaatar,PM2.5 - Principal,2025-01-04 10:00 PM,2025,01,04,22,115.8,193,Unhealthy,142.0,UG/M3,1 Hr,Valid
Ulaanbaatar,PM2.5 - Principal,2025-01-04 11:00 PM,2025,01,04,23,138.3,214,Very Unhealthy,161.0,UG/M3,1 Hr,Valid
Ulaanbaatar,PM2.5 - Principal,2025-01-05 12:00 AM,2025,01,05,00,113.6,192,Unhealthy,89.0,UG/M3,1 Hr,Valid
Ulaanbaatar,PM2.5 - Principal,2025-01-05 01:00 AM,2025,01,05,01,208.8,284,Very Unhealthy,304.0,UG/M3,1 Hr,Valid
Ulaanbaatar,PM2.5 - Principal,2025-01-05 02:00 AM,2025,01,05,02,291.4,432,Hazardous,374.0,UG/M3,1 Hr,Valid
Ulaanbaatar,PM2.5 - Principal,2025-01-05 03:00 AM,2025,01,05,03,290.7,431,Hazardous,290.0,UG/M3,1 Hr,Valid
Ulaanbaatar,PM2.5 - Principal,2025-01-05 04:00 AM,2025,01,05,04,213.8,289,Very Unhealthy,137.0,UG/M3,1 Hr,Valid
Ulaanbaatar,PM2.5 - Principal,2025-01-05 05:00 AM,2025,01,05,05,136.9,212,Very Unhealthy,60.0,UG/M3,1 Hr,Valid
Ulaanbaatar,PM2.5 - Principal,2025-01-05 06:00 AM,2025,01,05,06,87.9,174,Unhealthy,39.0,UG/M3,1 Hr,Valid
Ulaanbaatar,PM2.5 - Principal,2025-01-05 07:00 AM,2025,01,05,07,66.9,159,Unhealthy,46.0,UG/M3,1 Hr,Valid
Ulaanbaatar,PM2.5 - Principal,2025-01-05 08:00 AM,2025,01,05,08,62.4,156,Unhealthy,58.0,UG/M3,1 Hr,Valid
Ulaanbaatar,PM2.5 - Principal,2025-01-05 09:00 AM,2025,01,05,09,82.7,170,Unhealthy,103.0,UG/M3,1 Hr,Valid
Ulaanbaatar,PM2.5 - Principal,2025-01-05 10:00 AM,2025,01,05,10,119.8,196,Unhealthy,157.0,UG/M3,1 Hr,Valid
Ulaanbaatar,PM2.5 - Principal,2025-01-05 11:00 AM,2025,01,05,11,216.9,292,Very Unhealthy,314.0,UG/M3,1 Hr,Valid
Ulaanbaatar,PM2.5 - Principal,2025-01-05 12:00 PM,2025,01,05,12,196.9,272,Very Unhealthy,177.0,UG/M3,1 Hr,Valid
Ulaanbaatar,PM2.5 - Principal,2025-01-05 01:00 PM,2025,01,05,13,150.9,226,Very Unhealthy,105.0,UG/M3,1 Hr,Valid
Ulaanbaatar,PM2.5 - Principal,2025-01-05 02:00 PM,2025,01,05,14,87.4,173,Unhealthy,24.0,UG/M3,1 Hr,Valid
Ulaanbaatar,PM2.5 - Principal,2025-01-05 03:00 PM,2025,01,05,15,55.6,151,Unhealthy,24.0,UG/M3,1 Hr,Valid
Ulaanbaatar,PM2.5 - Principal,2025-01-05 04:00 PM,2025,01,05,16,35.3,100,Moderate,15.0,UG/M3,1 Hr,Valid
Ulaanbaatar,PM2.5 - Principal,2025-01-05 05:00 PM,2025,01,05,17,25.6,82,Moderate,16.0,UG/M3,1 Hr,Valid
Ulaanbaatar,PM2.5 - Principal,2025-01-05 06:00 PM,2025,01,05,18,34.8,99,Moderate,44.0,UG/M3,1 Hr,Valid
Ulaanbaatar,PM2.5 - Principal,2025-01-05 07:00 PM,2025,01,05,19,118.4,195,Unhealthy,202.0,UG/M3,1 Hr,Valid
Ulaanbaatar,PM2.5 - Principal,2025-01-05 08:00 PM,2025,01,05,20,149.7,225,Very Unhealthy,181.0,UG/M3,1 Hr,Valid
Ulaanbaatar,PM2.5 - Principal,2025-01-05 09:00 PM,2025,01,05,21,153.8,229,Very Unhealthy,158.0,UG/M3,1 Hr,Valid
Ulaanbaatar,PM2.5 - Principal,2025-01-05 10:00 PM,2025,01,05,22,156.9,232,Very Unhealthy,160.0,UG/M3,1 Hr,Valid
Ulaanbaatar,PM2.5 - Principal,2025-01-05 11:00 PM,2025,01,05,23,154.9,230,Very Unhealthy,153.0,UG/M3,1 Hr,Valid
Ulaanbaatar,PM2.5 - Principal,2025-01-06 12:00 AM,2025,01,06,00,171.4,246,Very Unhealthy,188.0,UG/M3,1 Hr,Valid
Ulaanbaatar,PM2.5 - Principal,2025-01-06 01:00 AM,2025,01,06,01,173.2,248,Very Unhealthy,175.0,UG/M3,1 Hr,Valid
Ulaanbaatar,PM2.5 - Principal,2025-01-06 02:00 AM,2025,01,06,02,163.1,238,Very Unhealthy,153.0,UG/M3,1 Hr,Valid
Ulaanbaatar,PM2.5 - Principal,2025-01-06 03:00 AM,2025,01,06,03,171.5,247,Very Unhealthy,180.0,UG/M3,1 Hr,Valid
Ulaanbaatar,PM2.5 - Principal,2025-01-06 04:00 AM,2025,01,06,04,154.3,230,Very Unhealthy,137.0,UG/M3,1 Hr,Valid
Ulaanbaatar,PM2.5 - Principal,2025-01-06 05:00 AM,2025,01,06,05,153.6,229,Very Unhealthy,153.0,UG/M3,1 Hr,Valid
Ulaanbaatar,PM2.5 - Principal,2025-01-06 06:00 AM,2025,01,06,06,156.0,231,Very Unhealthy,153.0,UG/M3,1 Hr,Valid
Ulaanbaatar,PM2.5 - Principal,2025-01-06 07:00 AM,2025,01,06,07,128.5,204,Very Unhealthy,100.0,UG/M3,1 Hr,Valid
Ulaanbaatar,PM2.5 - Principal,2025-01-06 08:00 AM,2025,01,06,08,132.4,208,Very Unhealthy,137.0,UG/M3,1 Hr,Valid
Ulaanbaatar,PM2.5 - Principal,2025-01-06 09:00 AM,2025,01,06,09,167.9,243,Very Unhealthy,204.0,UG/M3,1 Hr,Valid
Ulaanbaatar,PM2.5 - Principal,2025-01-06 10:00 AM,2025,01,06,10,237.4,325,Hazardous,307.0,UG/M3,1 Hr,Valid
Ulaanbaatar,PM2.5 - Principal,2025-01-06 11:00 AM,2025,01,06,11,286.7,423,Hazardous,336.0,UG/M3,1 Hr,Valid
Ulaanbaatar,PM2.5 - Principal,2025-01-06 12:00 PM,2025,01,06,12,284.8,419,Hazardous,283.0,UG/M3,1 Hr,Valid
Ulaanbaatar,PM2.5 - Principal,2025-01-06 01:00 PM,2025,01,06,13,172.9,248,Very Unhealthy,61.0,UG/M3,1 Hr,Valid
Ulaanbaatar,PM2.5 - Principal,2025-01-06 02:00 PM,2025,01,06,14,106.9,187,Unhealthy,41.0,UG/M3,1 Hr,Valid
Ulaanbaatar,PM2.5 - Principal,2025-01-06 03:00 PM,2025,01,06,15,71.4,162,Unhealthy,36.0,UG/M3,1 Hr,Valid
Ulaanbaatar,PM2.5 - Principal,2025-01-06 04:00 PM,2025,01,06,16,48.7,134,Unhealthy for Sensitive Groups,26.0,UG/M3,1 Hr,Valid
Ulaanbaatar,PM2.5 - Principal,2025-01-06 05:00 PM,2025,01,06,17,35.3,100,Moderate,22.0,UG/M3,1 Hr,Valid
Ulaanbaatar,PM2.5 - Principal,2025-01-06 06:00 PM,2025,01,06,18,27.1,85,Moderate,19.0,UG/M3,1 Hr,Valid
Ulaanbaatar,PM2.5 - Principal,2025-01-06 07:00 PM,2025,01,06,19,32.5,95,Moderate,38.0,UG/M3,1 Hr,Valid
Ulaanbaatar,PM2.5 - Principal,2025-01-06 08:00 PM,2025,01,06,20,62.2,156,Unhealthy,92.0,UG/M3,1 Hr,Valid
Ulaanbaatar,PM2.5 - Principal,2025-01-06 09:00 PM,2025,01,06,21,92.6,177,Unhealthy,123.0,UG/M3,1 Hr,Valid
Ulaanbaatar,PM2.5 - Principal,2025-01-06 10:00 PM,2025,01,06,22,180.8,256,Very Unhealthy,269.0,UG/M3,1 Hr,Valid
Ulaanbaatar,PM2.5 - Principal,2025-01-06 11:00 PM,2025,01,06,23,172.3,247,Very Unhealthy,164.0,UG/M3,1 Hr,Valid
Ulaanbaatar,PM2.5 - Principal,2025-01-07 12:00 AM,2025,01,07,00,155.1,230,Very Unhealthy,138.0,UG/M3,1 Hr,Valid
Ulaanbaatar,PM2.5 - Principal,2025-01-07 01:00 AM,2025,01,07,01,127.0,202,Very Unhealthy,99.0,UG/M3,1 Hr,Valid
Ulaanbaatar,PM2.5 - Principal,2025-01-07 02:00 AM,2025,01,07,02,107.0,187,Unhealthy,87.0,UG/M3,1 Hr,Valid
Ulaanbaatar,PM2.5 - Principal,2025-01-07 03:00 AM,2025,01,07,03,75.5,165,Unhealthy,44.0,UG/M3,1 Hr,Valid
Ulaanbaatar,PM2.5 - Principal,2025-01-07 04:00 AM,2025,01,07,04,44.7,124,Unhealthy for Sensitive Groups,14.0,UG/M3,1 Hr,Valid
Ulaanbaatar,PM2.5 - Principal,2025-01-07 05:00 AM,2025,01,07,05,26.8,84,Moderate,9.0,UG/M3,1 Hr,Valid
Ulaanbaatar,PM2.5 - Principal,2025-01-07 06:00 AM,2025,01,07,06,16.4,65,Moderate,6.0,UG/M3,1 Hr,Valid
Ulaanbaatar,PM2.5 - Principal,2025-01-07 07:00 AM,2025,01,07,07,9.7,52,Moderate,3.0,UG/M3,1 Hr,Valid
Ulaanbaatar,PM2.5 - Principal,2025-01-07 08:00 AM,2025,01,07,08,6.3,35,Good,3.0,UG/M3,1 Hr,Valid
Ulaanbaatar,PM2.5 - Principal,2025-01-07 09:00 AM,2025,01,07,09,8.6,48,Good,11.0,UG/M3,1 Hr,Valid
Ulaanbaatar,PM2.5 - Principal,2025-01-07 10:00 AM,2025,01,07,10,13.7,60,Moderate,19.0,UG/M3,1 Hr,Valid
Ulaanbaatar,PM2.5 - Principal,2025-01-07 11:00 AM,2025,01,07,11,14.3,61,Moderate,15.0,UG/M3,1 Hr,Valid
Ulaanbaatar,PM2.5 - Principal,2025-01-07 12:00 PM,2025,01,07,12,11.6,56,Moderate,9.0,UG/M3,1 Hr,Valid
Ulaanbaatar,PM2.5 - Principal,2025-01-07 01:00 PM,2025,01,07,13,8.3,46,Good,5.0,UG/M3,1 Hr,Valid
Ulaanbaatar,PM2.5 - Principal,2025-01-07 02:00 PM,2025,01,07,14,4.6,26,Good,1.0,UG/M3,1 Hr,Valid
Ulaanbaatar,PM2.5 - Principal,2025-01-07 03:00 PM,2025,01,07,15,4.3,24,Good,4.0,UG/M3,1 Hr,Valid
Ulaanbaatar,PM2.5 - Principal,2025-01-07 04:00 PM,2025,01,07,16,4.6,26,Good,5.0,UG/M3,1 Hr,Valid
Ulaanbaatar,PM2.5 - Principal,2025-01-07 05:00 PM,2025,01,07,17,5.3,29,Good,6.0,UG/M3,1 Hr,Valid
Ulaanbaatar,PM2.5 - Principal,2025-01-07 06:00 PM,2025,01,07,18,15.6,63,Moderate,26.0,UG/M3,1 Hr,Valid
Ulaanbaatar,PM2.5 - Principal,2025-01-07 07:00 PM,2025,01,07,19,22.3,76,Moderate,29.0,UG/M3,1 Hr,Valid
Ulaanbaatar,PM2.5 - Principal,2025-01-07 08:00 PM,2025,01,07,20,21.1,73,Moderate,20.0,UG/M3,1 Hr,Valid
Ulaanbaatar,PM2.5 - Principal,2025-01-07 09:00 PM,2025,01,07,21,25.0,81,Moderate,29.0,UG/M3,1 Hr,Valid
Ulaanbaatar,PM2.5 - Principal,2025-01-07 10:00 PM,2025,01,07,22,31.5,93,Moderate,38.0,UG/M3,1 Hr,Valid
Ulaanbaatar,PM2.5 - Principal,2025-01-07 11:00 PM,2025,01,07,23,61.2,155,Unhealthy,91.0,UG/M3,1 Hr,Valid
Ulaanbaatar,PM2.5 - Principal,2025-01-08 12:00 AM,2025,01,08,00,80.6,169,Unhealthy,100.0,UG/M3,1 Hr,Valid
Ulaanbaatar,PM2.5 - Principal,2025-01-08 01:00 AM,2025,01,08,01,79.8,168,Unhealthy,79.0,UG/M3,1 Hr,Valid
Ulaanbaatar,PM2.5 - Principal,2025-01-08 02:00 AM,2025,01,08,02,75.4,165,Unhealthy,71.0,UG/M3,1 Hr,Valid
Ulaanbaatar,PM2.5 - Principal,2025-01-08 03:00 AM,2025,01,08,03,83.7,171,Unhealthy,92.0,UG/M3,1 Hr,Valid
Ulaanbaatar,PM2.5 - Principal,2025-01-08 04:00 AM,2025,01,08,04,60.8,155,Unhealthy,38.0,UG/M3,1 Hr,Valid
Ulaanbaatar,PM2.5 - Principal,2025-01-08 05:00 AM,2025,01,08,05,44.9,124,Unhealthy for Sensitive Groups,29.0,UG/M3,1 Hr,Valid
Ulaanbaatar,PM2.5 - Principal,2025-01-08 06:00 AM,2025,01,08,06,43.4,120,Unhealthy for Sensitive Groups,42.0,UG/M3,1 Hr,Valid
Ulaanbaatar,PM2.5 - Principal,2025-01-08 07:00 AM,2025,01,08,07,47.7,131,Unhealthy for Sensitive Groups,52.0,UG/M3,1 Hr,Valid
Ulaanbaatar,PM2.5 - Principal,2025-01-08 08:00 AM,2025,01,08,08,69.8,161,Unhealthy,92.0,UG/M3,1 Hr,Valid
Ulaanbaatar,PM2.5 - Principal,2025-01-08 09:00 AM,2025,01,08,09,108.4,188,Unhealthy,147.0,UG/M3,1 Hr,Valid
Ulaanbaatar,PM2.5 - Principal,2025-01-08 10:00 AM,2025,01,08,10,187.7,263,Very Unhealthy,267.0,UG/M3,1 Hr,Valid
Ulaanbaatar,PM2.5 - Principal,2025-01-08 11:00 AM,2025,01,08,11,258.9,368,Hazardous,330.0,UG/M3,1 Hr,Valid
Ulaanbaatar,PM2.5 - Principal,2025-01-08 12:00 PM,2025,01,08,12,185.9,261,Very Unhealthy,113.0,UG/M3,1 Hr,Valid
Ulaanbaatar,PM2.5 - Principal,2025-01-08 01:00 PM,2025,01,08,13,108.9,188,Unhealthy,32.0,UG/M3,1 Hr,Valid
Ulaanbaatar,PM2.5 - Principal,2025-01-08 02:00 PM,2025,01,08,14,70.9,162,Unhealthy,33.0,UG/M3,1 Hr,Valid
Ulaanbaatar,PM2.5 - Principal,2025-01-08 03:00 PM,2025,01,08,15,50.4,138,Unhealthy for Sensitive Groups,30.0,UG/M3,1 Hr,Valid
Ulaanbaatar,PM2.5 - Principal,2025-01-08 04:00 PM,2025,01,08,16,62.7,156,Unhealthy,75.0,UG/M3,1 Hr,Valid
Ulaanbaatar,PM2.5 - Principal,2025-01-08 05:00 PM,2025,01,08,17,76.3,166,Unhealthy,90.0,UG/M3,1 Hr,Valid
Ulaanbaatar,PM2.5 - Principal,2025-01-08 06:00 PM,2025,01,08,18,131.7,207,Very Unhealthy,187.0,UG/M3,1 Hr,Valid
Ulaanbaatar,PM2.5 - Principal,2025-01-08 07:00 PM,2025,01,08,19,131.7,207,Very Unhealthy,-999.0,UG/M3,1 Hr,Missing
Ulaanbaatar,PM2.5 - Principal,2025-01-08 08:00 PM,2025,01,08,20,188.6,264,Very Unhealthy,217.0,UG/M3,1 Hr,Valid
Ulaanbaatar,PM2.5 - Principal,2025-01-08 09:00 PM,2025,01,08,21,189.9,265,Very Unhealthy,191.0,UG/M3,1 Hr,Valid
Ulaanbaatar,PM2.5 - Principal,2025-01-08 10:00 PM,2025,01,08,22,185.7,261,Very Unhealthy,182.0,UG/M3,1 Hr,Valid
Ulaanbaatar,PM2.5 - Principal,2025-01-08 11:00 PM,2025,01,08,23,184.8,260,Very Unhealthy,184.0,UG/M3,1 Hr,Valid
Ulaanbaatar,PM2.5 - Principal,2025-01-09 12:00 AM,2025,01,09,00,166.1,241,Very Unhealthy,148.0,UG/M3,1 Hr,Valid
Ulaanbaatar,PM2.5 - Principal,2025-01-09 01:00 AM,2025,01,09,01,183.2,258,Very Unhealthy,200.0,UG/M3,1 Hr,Valid
Ulaanbaatar,PM2.5 - Principal,2025-01-09 02:00 AM,2025,01,09,02,176.0,251,Very Unhealthy,169.0,UG/M3,1 Hr,Valid
Ulaanbaatar,PM2.5 - Principal,2025-01-09 03:00 AM,2025,01,09,03,148.5,224,Very Unhealthy,121.0,UG/M3,1 Hr,Valid
Ulaanbaatar,PM2.5 - Principal,2025-01-09 04:00 AM,2025,01,09,04,128.2,204,Very Unhealthy,108.0,UG/M3,1 Hr,Valid
Ulaanbaatar,PM2.5 - Principal,2025-01-09 05:00 AM,2025,01,09,05,109.6,189,Unhealthy,91.0,UG/M3,1 Hr,Valid
Ulaanbaatar,PM2.5 - Principal,2025-01-09 06:00 AM,2025,01,09,06,88.2,174,Unhealthy,67.0,UG/M3,1 Hr,Valid
Ulaanbaatar,PM2.5 - Principal,2025-01-09 07:00 AM,2025,01,09,07,93.6,178,Unhealthy,99.0,UG/M3,1 Hr,Valid
Ulaanbaatar,PM2.5 - Principal,2025-01-09 08:00 AM,2025,01,09,08,122.3,198,Unhealthy,151.0,UG/M3,1 Hr,Valid
Ulaanbaatar,PM2.5 - Principal,2025-01-09 09:00 AM,2025,01,09,09,188.1,263,Very Unhealthy,254.0,UG/M3,1 Hr,Valid
Ulaanbaatar,PM2.5 - Principal,2025-01-09 10:00 AM,2025,01,09,10,266.1,382,Hazardous,344.0,UG/M3,1 Hr,Valid
Ulaanbaatar,PM2.5 - Principal,2025-01-09 11:00 AM,2025,01,09,11,340.0,529,Hazardous,414.0,UG/M3,1 Hr,Valid
Ulaanbaatar,PM2.5 - Principal,2025-01-09 12:00 PM,2025,01,09,12,250.0,350,Hazardous,160.0,UG/M3,1 Hr,Valid
Ulaanbaatar,PM2.5 - Principal,2025-01-09 01:00 PM,2025,01,09,13,136.9,212,Very Unhealthy,24.0,UG/M3,1 Hr,Valid
Ulaanbaatar,PM2.5 - Principal,2025-01-09 02:00 PM,2025,01,09,14,76.4,166,Unhealthy,16.0,UG/M3,1 Hr,Valid
Ulaanbaatar,PM2.5 - Principal,2025-01-09 03:00 PM,2025,01,09,15,46.2,127,Unhealthy for Sensitive Groups,16.0,UG/M3,1 Hr,Valid
Ulaanbaatar,PM2.5 - Principal,2025-01-09 04:00 PM,2025,01,09,16,32.1,94,Moderate,18.0,UG/M3,1 Hr,Valid
Ulaanbaatar,PM2.5 - Principal,2025-01-09 05:00 PM,2025,01,09,17,23.0,77,Moderate,14.0,UG/M3,1 Hr,Valid
Ulaanbaatar,PM2.5 - Principal,2025-01-09 06:00 PM,2025,01,09,18,19.5,70,Moderate,16.0,UG/M3,1 Hr,Valid
Ulaanbaatar,PM2.5 - Principal,2025-01-09 07:00 PM,2025,01,09,19,141.7,217,Very Unhealthy,264.0,UG/M3,1 Hr,Valid
Ulaanbaatar,PM2.5 - Principal,2025-01-09 08:00 PM,2025,01,09,20,222.9,298,Very Unhealthy,304.0,UG/M3,1 Hr,Valid
Ulaanbaatar,PM2.5 - Principal,2025-01-09 09:00 PM,2025,01,09,21,235.9,322,Hazardous,249.0,UG/M3,1 Hr,Valid
Ulaanbaatar,PM2.5 - Principal,2025-01-09 10:00 PM,2025,01,09,22,251.4,353,Hazardous,267.0,UG/M3,1 Hr,Valid
Ulaanbaatar,PM2.5 - Principal,2025-01-09 11:00 PM,2025,01,09,23,249.7,349,Hazardous,248.0,UG/M3,1 Hr,Valid
Ulaanbaatar,PM2.5 - Principal,2025-01-10 12:00 AM,2025,01,10,00,289.3,428,Hazardous,329.0,UG/M3,1 Hr,Valid
Ulaanbaatar,PM2.5 - Principal,2025-01-10 01:00 AM,2025,01,10,01,374.2,597,Hazardous,459.0,UG/M3,1 Hr,Valid
Ulaanbaatar,PM2.5 - Principal,2025-01-10 02:00 AM,2025,01,10,02,307.6,465,Hazardous,241.0,UG/M3,1 Hr,Valid
Ulaanbaatar,PM2.5 - Principal,2025-01-10 03:00 AM,2025,01,10,03,236.8,324,Hazardous,166.0,UG/M3,1 Hr,Valid
Ulaanbaatar,PM2.5 - Principal,2025-01-10 04:00 AM,2025,01,10,04,195.4,270,Very Unhealthy,154.0,UG/M3,1 Hr,Valid
Ulaanbaatar,PM2.5 - Principal,2025-01-10 05:00 AM,2025,01,10,05,154.2,229,Very Unhealthy,113.0,UG/M3,1 Hr,Valid
Ulaanbaatar,PM2.5 - Principal,2025-01-10 06:00 AM,2025,01,10,06,133.1,209,Very Unhealthy,112.0,UG/M3,1 Hr,Valid
Ulaanbaatar,PM2.5 - Principal,2025-01-10 07:00 AM,2025,01,10,07,110.0,189,Unhealthy,87.0,UG/M3,1 Hr,Valid
Ulaanbaatar,PM2.5 - Principal,2025-01-10 08:00 AM,2025,01,10,08,115.9,193,Unhealthy,122.0,UG/M3,1 Hr,Valid
Ulaanbaatar,PM2.5 - Principal,2025-01-10 09:00 AM,2025,01,10,09,124.9,200,Unhealthy,134.0,UG/M3,1 Hr,Valid
Ulaanbaatar,PM2.5 - Principal,2025-01-10 10:00 AM,2025,01,10,10,168.9,244,Very Unhealthy,213.0,UG/M3,1 Hr,Valid
Ulaanbaatar,PM2.5 - Principal,2025-01-10 11:00 AM,2025,01,10,11,95.9,179,Unhealthy,23.0,UG/M3,1 Hr,Valid
Ulaanbaatar,PM2.5 - Principal,2025-01-10 12:00 PM,2025,01,10,12,56.4,152,Unhealthy,17.0,UG/M3,1 Hr,Valid
Ulaanbaatar,PM2.5 - Principal,2025-01-10 01:00 PM,2025,01,10,13,37.6,106,Unhealthy for Sensitive Groups,19.0,UG/M3,1 Hr,Valid
Ulaanbaatar,PM2.5 - Principal,2025-01-10 02:00 PM,2025,01,10,14,31.3,92,Moderate,25.0,UG/M3,1 Hr,Valid
Ulaanbaatar,PM2.5 - Principal,2025-01-10 03:00 PM,2025,01,10,15,38.1,107,Unhealthy for Sensitive Groups,45.0,UG/M3,1 Hr,Valid
Ulaanbaatar,PM2.5 - Principal,2025-01-10 04:00 PM,2025,01,10,16,45.0,124,Unhealthy for Sensitive Groups,52.0,UG/M3,1 Hr,Valid
Ulaanbaatar,PM2.5 - Principal,2025-01-10 05:00 PM,2025,01,10,17,56.5,152,Unhealthy,68.0,UG/M3,1 Hr,Valid
Ulaanbaatar,PM2.5 - Principal,2025-01-10 06:00 PM,2025,01,10,18,47.7,131,Unhealthy for Sensitive Groups,39.0,UG/M3,1 Hr,Valid
Ulaanbaatar,PM2.5 - Principal,2025-01-10 07:00 PM,2025,01,10,19,40.8,114,Unhealthy for Sensitive Groups,34.0,UG/M3,1 Hr,Valid
Ulaanbaatar,PM2.5 - Principal,2025-01-10 08:00 PM,2025,01,10,20,37.4,106,Unhealthy for Sensitive Groups,34.0,UG/M3,1 Hr,Valid
Ulaanbaatar,PM2.5 - Principal,2025-01-10 09:00 PM,2025,01,10,21,34.1,98,Moderate,31.0,UG/M3,1 Hr,Valid
Ulaanbaatar,PM2.5 - Principal,2025-01-10 10:00 PM,2025,01,10,22,33.5,96,Moderate,33.0,UG/M3,1 Hr,Valid
Ulaanbaatar,PM2.5 - Principal,2025-01-10 11:00 PM,2025,01,10,23,43.7,121,Unhealthy for Sensitive Groups,54.0,UG/M3,1 Hr,Valid
Ulaanbaatar,PM2.5 - Principal,2025-01-11 12:00 AM,2025,01,11,00,60.9,155,Unhealthy,78.0,UG/M3,1 Hr,Valid
Ulaanbaatar,PM2.5 - Principal,2025-01-11 01:00 AM,2025,01,11,01,114.9,193,Unhealthy,169.0,UG/M3,1 Hr,Valid
Ulaanbaatar,PM2.5 - Principal,2025-01-11 02:00 AM,2025,01,11,02,101.9,184,Unhealthy,89.0,UG/M3,1 Hr,Valid
Ulaanbaatar,PM2.5 - Principal,2025-01-11 03:00 AM,2025,01,11,03,97.0,180,Unhealthy,92.0,UG/M3,1 Hr,Valid
Ulaanbaatar,PM2.5 - Principal,2025-01-11 04:00 AM,2025,01,11,04,85.5,172,Unhealthy,74.0,UG/M3,1 Hr,Valid
Ulaanbaatar,PM2.5 - Principal,2025-01-11 05:00 AM,2025,01,11,05,78.2,167,Unhealthy,71.0,UG/M3,1 Hr,Valid
Ulaanbaatar,PM2.5 - Principal,2025-01-11 06:00 AM,2025,01,11,06,63.1,156,Unhealthy,48.0,UG/M3,1 Hr,Valid
Ulaanbaatar,PM2.5 - Principal,2025-01-11 07:00 AM,2025,01,11,07,79.5,168,Unhealthy,96.0,UG/M3,1 Hr,Valid
Ulaanbaatar,PM2.5 - Principal,2025-01-11 08:00 AM,2025,01,11,08,107.7,188,Unhealthy,136.0,UG/M3,1 Hr,Valid
Ulaanbaatar,PM2.5 - Principal,2025-01-11 09:00 AM,2025,01,11,09,155.4,231,Very Unhealthy,203.0,UG/M3,1 Hr,Valid
Ulaanbaatar,PM2.5 - Principal,2025-01-11 10:00 AM,2025,01,11,10,262.2,374,Hazardous,369.0,UG/M3,1 Hr,Valid
Ulaanbaatar,PM2.5 - Principal,2025-01-11 11:00 AM,2025,01,11,11,408.1,665,Hazardous,554.0,UG/M3,1 Hr,Valid
Ulaanbaatar,PM2.5 - Principal,2025-01-11 12:00 PM,2025,01,11,12,268.0,386,Hazardous,128.0,UG/M3,1 Hr,Valid
Ulaanbaatar,PM2.5 - Principal,2025-01-11 01:00 PM,2025,01,11,13,161.5,237,Very Unhealthy,55.0,UG/M3,1 Hr,Valid
Ulaanbaatar,PM2.5 - Principal,2025-01-11 02:00 PM,2025,01,11,14,91.2,176,Unhealthy,21.0,UG/M3,1 Hr,Valid
Ulaanbaatar,PM2.5 - Principal,2025-01-11 03:00 PM,2025,01,11,15,58.6,153,Unhealthy,26.0,UG/M3,1 Hr,Valid
Ulaanbaatar,PM2.5 - Principal,2025-01-11 04:00 PM,2025,01,11,16,40.3,113,Unhealthy for Sensitive Groups,22.0,UG/M3,1 Hr,Valid
Ulaanbaatar,PM2.5 - Principal,2025-01-11 05:00 PM,2025,01,11,17,28.1,86,Moderate,16.0,UG/M3,1 Hr,Valid
Ulaanbaatar,PM2.5 - Principal,2025-01-11 06:00 PM,2025,01,11,18,26.5,83,Moderate,25.0,UG/M3,1 Hr,Valid
Ulaanbaatar,PM2.5 - Principal,2025-01-11 07:00 PM,2025,01,11,19,92.2,177,Unhealthy,158.0,UG/M3,1 Hr,Valid
Ulaanbaatar,PM2.5 - Principal,2025-01-11 08:00 PM,2025,01,11,20,162.6,238,Very Unhealthy,233.0,UG/M3,1 Hr,Valid
Ulaanbaatar,PM2.5 - Principal,2025-01-11 09:00 PM,2025,01,11,21,182.3,257,Very Unhealthy,202.0,UG/M3,1 Hr,Valid
Ulaanbaatar,PM2.5 - Principal,2025-01-11 10:00 PM,2025,01,11,22,170.6,246,Very Unhealthy,159.0,UG/M3,1 Hr,Valid
Ulaanbaatar,PM2.5 - Principal,2025-01-11 11:00 PM,2025,01,11,23,173.7,249,Very Unhealthy,177.0,UG/M3,1 Hr,Valid
Ulaanbaatar,PM2.5 - Principal,2025-01-12 12:00 AM,2025,01,12,00,165.8,241,Very Unhealthy,158.0,UG/M3,1 Hr,Valid
Ulaanbaatar,PM2.5 - Principal,2025-01-12 01:00 AM,2025,01,12,01,175.4,250,Very Unhealthy,185.0,UG/M3,1 Hr,Valid
Ulaanbaatar,PM2.5 - Principal,2025-01-12 02:00 AM,2025,01,12,02,169.2,244,Very Unhealthy,163.0,UG/M3,1 Hr,Valid
Ulaanbaatar,PM2.5 - Principal,2025-01-12 03:00 AM,2025,01,12,03,149.6,225,Very Unhealthy,130.0,UG/M3,1 Hr,Valid
Ulaanbaatar,PM2.5 - Principal,2025-01-12 04:00 AM,2025,01,12,04,123.3,199,Unhealthy,97.0,UG/M3,1 Hr,Valid
Ulaanbaatar,PM2.5 - Principal,2025-01-12 05:00 AM,2025,01,12,05,105.1,186,Unhealthy,87.0,UG/M3,1 Hr,Valid
Ulaanbaatar,PM2.5 - Principal,2025-01-12 06:00 AM,2025,01,12,06,95.0,179,Unhealthy,85.0,UG/M3,1 Hr,Valid
Ulaanbaatar,PM2.5 - Principal,2025-01-12 07:00 AM,2025,01,12,07,85.5,172,Unhealthy,76.0,UG/M3,1 Hr,Valid
Ulaanbaatar,PM2.5 - Principal,2025-01-12 08:00 AM,2025,01,12,08,93.2,177,Unhealthy,101.0,UG/M3,1 Hr,Valid
Ulaanbaatar,PM2.5 - Principal,2025-01-12 09:00 AM,2025,01,12,09,68.6,160,Unhealthy,44.0,UG/M3,1 Hr,Valid
Ulaanbaatar,PM2.5 - Principal,2025-01-12 10:00 AM,2025,01,12,10,77.7,167,Unhealthy,87.0,UG/M3,1 Hr,Valid
Ulaanbaatar,PM2.5 - Principal,2025-01-12 11:00 AM,2025,01,12,11,78.3,167,Unhealthy,79.0,UG/M3,1 Hr,Valid
Ulaanbaatar,PM2.5 - Principal,2025-01-12 12:00 PM,2025,01,12,12,80.1,168,Unhealthy,82.0,UG/M3,1 Hr,Valid
Ulaanbaatar,PM2.5 - Principal,2025-01-12 01:00 PM,2025,01,12,13,81.0,169,Unhealthy,82.0,UG/M3,1 Hr,Valid
Ulaanbaatar,PM2.5 - Principal,2025-01-12 02:00 PM,2025,01,12,14,71.5,162,Unhealthy,62.0,UG/M3,1 Hr,Valid
Ulaanbaatar,PM2.5 - Principal,2025-01-12 03:00 PM,2025,01,12,15,70.2,161,Unhealthy,69.0,UG/M3,1 Hr,Valid
Ulaanbaatar,PM2.5 - Principal,2025-01-12 04:00 PM,2025,01,12,16,65.6,158,Unhealthy,61.0,UG/M3,1 Hr,Valid
Ulaanbaatar,PM2.5 - Principal,2025-01-12 05:00 PM,2025,01,12,17,54.3,147,Unhealthy for Sensitive Groups,43.0,UG/M3,1 Hr,Valid
Ulaanbaatar,PM2.5 - Principal,2025-01-12 06:00 PM,2025,01,12,18,52.1,142,Unhealthy for Sensitive Groups,50.0,UG/M3,1 Hr,Valid
Ulaanbaatar,PM2.5 - Principal,2025-01-12 07:00 PM,2025,01,12,19,70.0,161,Unhealthy,88.0,UG/M3,1 Hr,Valid
Ulaanbaatar,PM2.5 - Principal,2025-01-12 08:00 PM,2025,01,12,20,79.5,168,Unhealthy,89.0,UG/M3,1 Hr,Valid
Ulaanbaatar,PM2.5 - Principal,2025-01-12 09:00 PM,2025,01,12,21,173.2,248,Very Unhealthy,267.0,UG/M3,1 Hr,Valid
Ulaanbaatar,PM2.5 - Principal,2025-01-12 10:00 PM,2025,01,12,22,207.1,282,Very Unhealthy,241.0,UG/M3,1 Hr,Valid
Ulaanbaatar,PM2.5 - Principal,2025-01-12 11:00 PM,2025,01,12,23,222.6,297,Very Unhealthy,238.0,UG/M3,1 Hr,Valid
Ulaanbaatar,PM2.5 - Principal,2025-01-13 12:00 AM,2025,01,13,00,216.3,291,Very Unhealthy,210.0,UG/M3,1 Hr,Valid
Ulaanbaatar,PM2.5 - Principal,2025-01-13 01:00 AM,2025,01,13,01,228.6,307,Hazardous,241.0,UG/M3,1 Hr,Valid
Ulaanbaatar,PM2.5 - Principal,2025-01-13 02:00 AM,2025,01,13,02,242.3,334,Hazardous,256.0,UG/M3,1 Hr,Valid
Ulaanbaatar,PM2.5 - Principal,2025-01-13 03:00 AM,2025,01,13,03,233.2,316,Hazardous,224.0,UG/M3,1 Hr,Valid
Ulaanbaatar,PM2.5 - Principal,2025-01-13 04:00 AM,2025,01,13,04,203.1,278,Very Unhealthy,173.0,UG/M3,1 Hr,Valid
Ulaanbaatar,PM2.5 - Principal,2025-01-13 05:00 AM,2025,01,13,05,167.5,243,Very Unhealthy,132.0,UG/M3,1 Hr,Valid
Ulaanbaatar,PM2.5 - Principal,2025-01-13 06:00 AM,2025,01,13,06,164.2,239,Very Unhealthy,161.0,UG/M3,1 Hr,Valid
Ulaanbaatar,PM2.5 - Principal,2025-01-13 07:00 AM,2025,01,13,07,181.6,257,Very Unhealthy,199.0,UG/M3,1 Hr,Valid
Ulaanbaatar,PM2.5 - Principal,2025-01-13 08:00 AM,2025,01,13,08,221.8,296,Very Unhealthy,262.0,UG/M3,1 Hr,Valid
Ulaanbaatar,PM2.5 - Principal,2025-01-13 09:00 AM,2025,01,13,09,336.4,522,Hazardous,451.0,UG/M3,1 Hr,Valid
Ulaanbaatar,PM2.5 - Principal,2025-01-13 10:00 AM,2025,01,13,10,379.2,607,Hazardous,422.0,UG/M3,1 Hr,Valid
Ulaanbaatar,PM2.5 - Principal,2025-01-13 11:00 AM,2025,01,13,11,244.6,339,Hazardous,110.0,UG/M3,1 Hr,Valid
Ulaanbaatar,PM2.5 - Principal,2025-01-13 12:00 PM,2025,01,13,12,132.2,208,Very Unhealthy,20.0,UG/M3,1 Hr,Valid
Ulaanbaatar,PM2.5 - Principal,2025-01-13 01:00 PM,2025,01,13,13,71.1,162,Unhealthy,10.0,UG/M3,1 Hr,Valid
Ulaanbaatar,PM2.5 - Principal,2025-01-13 02:00 PM,2025,01,13,14,38.5,108,Unhealthy for Sensitive Groups,6.0,UG/M3,1 Hr,Valid
Ulaanbaatar,PM2.5 - Principal,2025-01-13 03:00 PM,2025,01,13,15,23.2,77,Moderate,8.0,UG/M3,1 Hr,Valid
Ulaanbaatar,PM2.5 - Principal,2025-01-13 04:00 PM,2025,01,13,16,15.0,62,Moderate,7.0,UG/M3,1 Hr,Valid
Ulaanbaatar,PM2.5 - Principal,2025-01-13 05:00 PM,2025,01,13,17,11.5,55,Moderate,8.0,UG/M3,1 Hr,Valid
Ulaanbaatar,PM2.5 - Principal,2025-01-13 06:00 PM,2025,01,13,18,10.2,53,Moderate,9.0,UG/M3,1 Hr,Valid
Ulaanbaatar,PM2.5 - Principal,2025-01-13 07:00 PM,2025,01,13,19,13.1,58,Moderate,16.0,UG/M3,1 Hr,Valid
Ulaanbaatar,PM2.5 - Principal,2025-01-13 08:00 PM,2025,01,13,20,13.0,58,Moderate,13.0,UG/M3,1 Hr,Valid
Ulaanbaatar,PM2.5 - Principal,2025-01-13 09:00 PM,2025,01,13,21,12.9,58,Moderate,13.0,UG/M3,1 Hr,Valid
Ulaanbaatar,PM2.5 - Principal,2025-01-13 10:00 PM,2025,01,13,22,14.9,62,Moderate,17.0,UG/M3,1 Hr,Valid
Ulaanbaatar,PM2.5 - Principal,2025-01-13 11:00 PM,2025,01,13,23,16.4,65,Moderate,18.0,UG/M3,1 Hr,Valid
Ulaanbaatar,PM2.5 - Principal,2025-01-14 12:00 AM,2025,01,14,00,18.7,69,Moderate,21.0,UG/M3,1 Hr,Valid
Ulaanbaatar,PM2.5 - Principal,2025-01-14 01:00 AM,2025,01,14,01,22.8,77,Moderate,27.0,UG/M3,1 Hr,Valid
Ulaanbaatar,PM2.5 - Principal,2025-01-14 02:00 AM,2025,01,14,02,23.9,79,Moderate,25.0,UG/M3,1 Hr,Valid
Ulaanbaatar,PM2.5 - Principal,2025-01-14 03:00 AM,2025,01,14,03,48.9,134,Unhealthy for Sensitive Groups,74.0,UG/M3,1 Hr,Valid
Ulaanbaatar,PM2.5 - Principal,2025-01-14 04:00 AM,2025,01,14,04,64.4,157,Unhealthy,80.0,UG/M3,1 Hr,Valid
Ulaanbaatar,PM2.5 - Principal,2025-01-14 05:00 AM,2025,01,14,05,47.2,130,Unhealthy for Sensitive Groups,30.0,UG/M3,1 Hr,Valid
Ulaanbaatar,PM2.5 - Principal,2025-01-14 06:00 AM,2025,01,14,06,34.1,98,Moderate,21.0,UG/M3,1 Hr,Valid
Ulaanbaatar,PM2.5 - Principal,2025-01-14 07:00 AM,2025,01,14,07,37.0,105,Unhealthy for Sensitive Groups,40.0,UG/M3,1 Hr,Valid
Ulaanbaatar,PM2.5 - Principal,2025-01-14 08:00 AM,2025,01,14,08,48.5,133,Unhealthy for Sensitive Groups,60.0,UG/M3,1 Hr,Valid
Ulaanbaatar,PM2.5 - Principal,2025-01-14 09:00 AM,2025,01,14,09,71.7,162,Unhealthy,95.0,UG/M3,1 Hr,Valid
Ulaanbaatar,PM2.5 - Principal,2025-01-14 10:00 AM,2025,01,14,10,101.4,183,Unhealthy,131.0,UG/M3,1 Hr,Valid
Ulaanbaatar,PM2.5 - Principal,2025-01-14 11:00 AM,2025,01,14,11,147.7,223,Very Unhealthy,194.0,UG/M3,1 Hr,Valid
Ulaanbaatar,PM2.5 - Principal,2025-01-14 12:00 PM,2025,01,14,12,97.8,181,Unhealthy,48.0,UG/M3,1 Hr,Valid
Ulaanbaatar,PM2.5 - Principal,2025-01-14 01:00 PM,2025,01,14,13,64.9,158,Unhealthy,32.0,UG/M3,1 Hr,Valid
Ulaanbaatar,PM2.5 - Principal,2025-01-14 02:00 PM,2025,01,14,14,39.9,112,Unhealthy for Sensitive Groups,15.0,UG/M3,1 Hr,Valid
Ulaanbaatar,PM2.5 - Principal,2025-01-14 03:00 PM,2025,01,14,15,26.4,83,Moderate,13.0,UG/M3,1 Hr,Valid
Ulaanbaatar,PM2.5 - Principal,2025-01-14 04:00 PM,2025,01,14,16,20.2,72,Moderate,14.0,UG/M3,1 Hr,Valid
Ulaanbaatar,PM2.5 - Principal,2025-01-14 05:00 PM,2025,01,14,17,17.6,67,Moderate,15.0,UG/M3,1 Hr,Valid
Ulaanbaatar,PM2.5 - Principal,2025-01-14 06:00 PM,2025,01,14,18,31.8,93,Moderate,46.0,UG/M3,1 Hr,Valid
Ulaanbaatar,PM2.5 - Principal,2025-01-14 07:00 PM,2025,01,14,19,49.4,135,Unhealthy for Sensitive Groups,67.0,UG/M3,1 Hr,Valid
Ulaanbaatar,PM2.5 - Principal,2025-01-14 08:00 PM,2025,01,14,20,94.7,178,Unhealthy,140.0,UG/M3,1 Hr,Valid
Ulaanbaatar,PM2.5 - Principal,2025-01-14 09:00 PM,2025,01,14,21,102.8,184,Unhealthy,111.0,UG/M3,1 Hr,Valid
Ulaanbaatar,PM2.5 - Principal,2025-01-14 10:00 PM,2025,01,14,22,83.9,171,Unhealthy,65.0,UG/M3,1 Hr,Valid
Ulaanbaatar,PM2.5 - Principal,2025-01-14 11:00 PM,2025,01,14,23,82.4,170,Unhealthy,81.0,UG/M3,1 Hr,Valid
Ulaanbaatar,PM2.5 - Principal,2025-01-15 12:00 AM,2025,01,15,00,83.7,171,Unhealthy,85.0,UG/M3,1 Hr,Valid
Ulaanbaatar,PM2.5 - Principal,2025-01-15 01:00 AM,2025,01,15,01,79.8,168,Unhealthy,76.0,UG/M3,1 Hr,Valid
Ulaanbaatar,PM2.5 - Principal,2025-01-15 02:00 AM,2025,01,15,02,80.9,169,Unhealthy,82.0,UG/M3,1 Hr,Valid
Ulaanbaatar,PM2.5 - Principal,2025-01-15 03:00 AM,2025,01,15,03,79.9,168,Unhealthy,79.0,UG/M3,1 Hr,Valid
Ulaanbaatar,PM2.5 - Principal,2025-01-15 04:00 AM,2025,01,15,04,83.4,171,Unhealthy,87.0,UG/M3,1 Hr,Valid
Ulaanbaatar,PM2.5 - Principal,2025-01-15 05:00 AM,2025,01,15,05,73.7,164,Unhealthy,64.0,UG/M3,1 Hr,Valid
Ulaanbaatar,PM2.5 - Principal,2025-01-15 06:00 AM,2025,01,15,06,62.8,156,Unhealthy,52.0,UG/M3,1 Hr,Valid
Ulaanbaatar,PM2.5 - Principal,2025-01-15 07:00 AM,2025,01,15,07,65.9,158,Unhealthy,69.0,UG/M3,1 Hr,Valid
Ulaanbaatar,PM2.5 - Principal,2025-01-15 08:00 AM,2025,01,15,08,121.4,197,Unhealthy,177.0,UG/M3,1 Hr,Valid
Ulaanbaatar,PM2.5 - Principal,2025-01-15 09:00 AM,2025,01,15,09,155.7,231,Very Unhealthy,190.0,UG/M3,1 Hr,Valid
Ulaanbaatar,PM2.5 - Principal,2025-01-15 10:00 AM,2025,01,15,10,227.9,306,Hazardous,300.0,UG/M3,1 Hr,Valid
Ulaanbaatar,PM2.5 - Principal,2025-01-15 11:00 AM,2025,01,15,11,263.9,377,Hazardous,300.0,UG/M3,1 Hr,Valid
Ulaanbaatar,PM2.5 - Principal,2025-01-15 12:00 PM,2025,01,15,12,276.5,403,Hazardous,289.0,UG/M3,1 Hr,Valid
Ulaanbaatar,PM2.5 - Principal,2025-01-15 01:00 PM,2025,01,15,13,263.2,376,Hazardous,250.0,UG/M3,1 Hr,Valid
Ulaanbaatar,PM2.5 - Principal,2025-01-15 02:00 PM,2025,01,15,14,166.6,242,Very Unhealthy,70.0,UG/M3,1 Hr,Valid
Ulaanbaatar,PM2.5 - Principal,2025-01-15 03:00 PM,2025,01,15,15,98.8,181,Unhealthy,31.0,UG/M3,1 Hr,Valid
Ulaanbaatar,PM2.5 - Principal,2025-01-15 04:00 PM,2025,01,15,16,63.8,157,Unhealthy,29.0,UG/M3,1 Hr,Valid
Ulaanbaatar,PM2.5 - Principal,2025-01-15 05:00 PM,2025,01,15,17,47.4,130,Unhealthy for Sensitive Groups,31.0,UG/M3,1 Hr,Valid
Ulaanbaatar,PM2.5 - Principal,2025-01-15 06:00 PM,2025,01,15,18,36.7,104,Unhealthy for Sensitive Groups,26.0,UG/M3,1 Hr,Valid
Ulaanbaatar,PM2.5 - Principal,2025-01-15 07:00 PM,2025,01,15,19,58.8,153,Unhealthy,81.0,UG/M3,1 Hr,Valid
Ulaanbaatar,PM2.5 - Principal,2025-01-15 08:00 PM,2025,01,15,20,128.4,204,Very Unhealthy,198.0,UG/M3,1 Hr,Valid
Ulaanbaatar,PM2.5 - Principal,2025-01-15 09:00 PM,2025,01,15,21,140.2,216,Very Unhealthy,152.0,UG/M3,1 Hr,Valid
Ulaanbaatar,PM2.5 - Principal,2025-01-15 10:00 PM,2025,01,15,22,135.5,211,Very Unhealthy,131.0,UG/M3,1 Hr,Valid
Ulaanbaatar,PM2.5 - Principal,2025-01-15 11:00 PM,2025,01,15,23,142.2,218,Very Unhealthy,149.0,UG/M3,1 Hr,Valid
Ulaanbaatar,PM2.5 - Principal,2025-01-16 12:00 AM,2025,01,16,00,181.1,256,Very Unhealthy,220.0,UG/M3,1 Hr,Valid
Ulaanbaatar,PM2.5 - Principal,2025-01-16 01:00 AM,2025,01,16,01,220.0,295,Very Unhealthy,259.0,UG/M3,1 Hr,Valid
Ulaanbaatar,PM2.5 - Principal,2025-01-16 02:00 AM,2025,01,16,02,236.0,322,Hazardous,252.0,UG/M3,1 Hr,Valid
Ulaanbaatar,PM2.5 - Principal,2025-01-16 03:00 AM,2025,01,16,03,227.0,304,Hazardous,218.0,UG/M3,1 Hr,Valid
Ulaanbaatar,PM2.5 - Principal,2025-01-16 04:00 AM,2025,01,16,04,171.0,246,Very Unhealthy,115.0,UG/M3,1 Hr,Valid
Ulaanbaatar,PM2.5 - Principal,2025-01-16 05:00 AM,2025,01,16,05,167.5,243,Very Unhealthy,164.0,UG/M3,1 Hr,Valid
Ulaanbaatar,PM2.5 - Principal,2025-01-16 06:00 AM,2025,01,16,06,124.2,199,Unhealthy,81.0,UG/M3,1 Hr,Valid
Ulaanbaatar,PM2.5 - Principal,2025-01-16 07:00 AM,2025,01,16,07,121.1,197,Unhealthy,118.0,UG/M3,1 Hr,Valid
Ulaanbaatar,PM2.5 - Principal,2025-01-16 08:00 AM,2025,01,16,08,142.5,218,Very Unhealthy,164.0,UG/M3,1 Hr,Valid
Ulaanbaatar,PM2.5 - Principal,2025-01-16 09:00 AM,2025,01,16,09,154.2,229,Very Unhealthy,166.0,UG/M3,1 Hr,Valid
Ulaanbaatar,PM2.5 - Principal,2025-01-16 10:00 AM,2025,01,16,10,270.6,391,Hazardous,387.0,UG/M3,1 Hr,Valid
Ulaanbaatar,PM2.5 - Principal,2025-01-16 11:00 AM,2025,01,16,11,358.3,566,Hazardous,446.0,UG/M3,1 Hr,Valid
Ulaanbaatar,PM2.5 - Principal,2025-01-16 12:00 PM,2025,01,16,12,229.6,309,Hazardous,101.0,UG/M3,1 Hr,Valid
Ulaanbaatar,PM2.5 - Principal,2025-01-16 01:00 PM,2025,01,16,13,132.3,208,Very Unhealthy,35.0,UG/M3,1 Hr,Valid
Ulaanbaatar,PM2.5 - Principal,2025-01-16 02:00 PM,2025,01,16,14,87.1,173,Unhealthy,42.0,UG/M3,1 Hr,Valid
Ulaanbaatar,PM2.5 - Principal,2025-01-16 03:00 PM,2025,01,16,15,65.0,158,Unhealthy,43.0,UG/M3,1 Hr,Valid
Ulaanbaatar,PM2.5 - Principal,2025-01-16 04:00 PM,2025,01,16,16,52.5,143,Unhealthy for Sensitive Groups,40.0,UG/M3,1 Hr,Valid
Ulaanbaatar,PM2.5 - Principal,2025-01-16 05:00 PM,2025,01,16,17,49.2,135,Unhealthy for Sensitive Groups,46.0,UG/M3,1 Hr,Valid
Ulaanbaatar,PM2.5 - Principal,2025-01-16 06:00 PM,2025,01,16,18,53.1,144,Unhealthy for Sensitive Groups,57.0,UG/M3,1 Hr,Valid
Ulaanbaatar,PM2.5 - Principal,2025-01-16 07:00 PM,2025,01,16,19,100.0,182,Unhealthy,147.0,UG/M3,1 Hr,Valid
Ulaanbaatar,PM2.5 - Principal,2025-01-16 08:00 PM,2025,01,16,20,100.0,182,Unhealthy,536.0,UG/M3,1 Hr,Invalid
Ulaanbaatar,PM2.5 - Principal,2025-01-16 09:00 PM,2025,01,16,21,245.3,340,Hazardous,318.0,UG/M3,1 Hr,Valid
Ulaanbaatar,PM2.5 - Principal,2025-01-16 10:00 PM,2025,01,16,22,251.4,353,Hazardous,256.0,UG/M3,1 Hr,Valid
Ulaanbaatar,PM2.5 - Principal,2025-01-16 11:00 PM,2025,01,16,23,257.0,364,Hazardous,262.0,UG/M3,1 Hr,Valid
Ulaanbaatar,PM2.5 - Principal,2025-01-17 12:00 AM,2025,01,17,00,244.1,338,Hazardous,232.0,UG/M3,1 Hr,Valid
Ulaanbaatar,PM2.5 - Principal,2025-01-17 01:00 AM,2025,01,17,01,254.7,359,Hazardous,265.0,UG/M3,1 Hr,Valid
Ulaanbaatar,PM2.5 - Principal,2025-01-17 02:00 AM,2025,01,17,02,236.7,323,Hazardous,219.0,UG/M3,1 Hr,Valid
Ulaanbaatar,PM2.5 - Principal,2025-01-17 03:00 AM,2025,01,17,03,202.7,278,Very Unhealthy,169.0,UG/M3,1 Hr,Valid
Ulaanbaatar,PM2.5 - Principal,2025-01-17 04:00 AM,2025,01,17,04,184.8,260,Very Unhealthy,167.0,UG/M3,1 Hr,Valid
Ulaanbaatar,PM2.5 - Principal,2025-01-17 05:00 AM,2025,01,17,05,173.9,249,Very Unhealthy,163.0,UG/M3,1 Hr,Valid
Ulaanbaatar,PM2.5 - Principal,2025-01-17 06:00 AM,2025,01,17,06,156.9,232,Very Unhealthy,140.0,UG/M3,1 Hr,Valid
Ulaanbaatar,PM2.5 - Principal,2025-01-17 07:00 AM,2025,01,17,07,165.4,241,Very Unhealthy,174.0,UG/M3,1 Hr,Valid
Ulaanbaatar,PM2.5 - Principal,2025-01-17 08:00 AM,2025,01,17,08,164.7,240,Very Unhealthy,164.0,UG/M3,1 Hr,Valid
Ulaanbaatar,PM2.5 - Principal,2025-01-17 09:00 AM,2025,01,17,09,208.8,284,Very Unhealthy,258.0,UG/M3,1 Hr,Valid
Ulaanbaatar,PM2.5 - Principal,2025-01-17 10:00 AM,2025,01,17,10,274.1,398,Hazardous,337.0,UG/M3,1 Hr,Valid
Ulaanbaatar,PM2.5 - Principal,2025-01-17 11:00 AM,2025,01,17,11,238.0,326,Hazardous,202.0,UG/M3,1 Hr,Valid
Ulaanbaatar,PM2.5 - Principal,2025-01-17 12:00 PM,2025,01,17,12,137.5,213,Very Unhealthy,37.0,UG/M3,1 Hr,Valid
Ulaanbaatar,PM2.5 - Principal,2025-01-17 01:00 PM,2025,01,17,13,90.2,175,Unhealthy,43.0,UG/M3,1 Hr,Valid
Ulaanbaatar,PM2.5 - Principal,2025-01-17 02:00 PM,2025,01,17,14,68.0,160,Unhealthy,46.0,UG/M3,1 Hr,Valid
Ulaanbaatar,PM2.5 - Principal,2025-01-17 03:00 PM,2025,01,17,15,65.0,158,Unhealthy,62.0,UG/M3,1 Hr,Valid
Ulaanbaatar,PM2.5 - Principal,2025-01-17 04:00 PM,2025,01,17,16,58.5,153,Unhealthy,52.0,UG/M3,1 Hr,Valid
Ulaanbaatar,PM2.5 - Principal,2025-01-17 05:00 PM,2025,01,17,17,53.2,145,Unhealthy for Sensitive Groups,48.0,UG/M3,1 Hr,Valid
Ulaanbaatar,PM2.5 - Principal,2025-01-17 06:00 PM,2025,01,17,18,61.6,155,Unhealthy,70.0,UG/M3,1 Hr,Valid
Ulaanbaatar,PM2.5 - Principal,2025-01-17 07:00 PM,2025,01,17,19,88.2,174,Unhealthy,115.0,UG/M3,1 Hr,Valid
Ulaanbaatar,PM2.5 - Principal,2025-01-17 08:00 PM,2025,01,17,20,155.6,231,Very Unhealthy,223.0,UG/M3,1 Hr,Valid
Ulaanbaatar,PM2.5 - Principal,2025-01-17 09:00 PM,2025,01,17,21,170.8,246,Very Unhealthy,186.0,UG/M3,1 Hr,Valid
Ulaanbaatar,PM2.5 - Principal,2025-01-17 10:00 PM,2025,01,17,22,157.3,233,Very Unhealthy,144.0,UG/M3,1 Hr,Valid
Ulaanbaatar,PM2.5 - Principal,2025-01-17 11:00 PM,2025,01,17,23,139.6,215,Very Unhealthy,122.0,UG/M3,1 Hr,Valid
Ulaanbaatar,PM2.5 - Principal,2025-01-18 12:00 AM,2025,01,18,00,154.8,230,Very Unhealthy,170.0,UG/M3,1 Hr,Valid
Ulaanbaatar,PM2.5 - Principal,2025-01-18 01:00 AM,2025,01,18,01,150.9,226,Very Unhealthy,147.0,UG/M3,1 Hr,Valid
Ulaanbaatar,PM2.5 - Principal,2025-01-18 02:00 AM,2025,01,18,02,206.9,282,Very Unhealthy,263.0,UG/M3,1 Hr,Valid
Ulaanbaatar,PM2.5 - Principal,2025-01-18 03:00 AM,2025,01,18,03,204.5,279,Very Unhealthy,202.0,UG/M3,1 Hr,Valid
Ulaanbaatar,PM2.5 - Principal,2025-01-18 04:00 AM,2025,01,18,04,167.7,243,Very Unhealthy,131.0,UG/M3,1 Hr,Valid
Ulaanbaatar,PM2.5 - Principal,2025-01-18 05:00 AM,2025,01,18,05,145.3,221,Very Unhealthy,123.0,UG/M3,1 Hr,Valid
Ulaanbaatar,PM2.5 - Principal,2025-01-18 06:00 AM,2025,01,18,06,158.7,234,Very Unhealthy,172.0,UG/M3,1 Hr,Valid
Ulaanbaatar,PM2.5 - Principal,2025-01-18 07:00 AM,2025,01,18,07,183.8,259,Very Unhealthy,209.0,UG/M3,1 Hr,Valid
Ulaanbaatar,PM2.5 - Principal,2025-01-18 08:00 AM,2025,01,18,08,202.9,278,Very Unhealthy,222.0,UG/M3,1 Hr,Valid
Ulaanbaatar,PM2.5 - Principal,2025-01-18 09:00 AM,2025,01,18,09,291.4,432,Hazardous,380.0,UG/M3,1 Hr,Valid
Ulaanbaatar,PM2.5 - Principal,2025-01-18 10:00 AM,2025,01,18,10,303.2,456,Hazardous,315.0,UG/M3,1 Hr,Valid
Ulaanbaatar,PM2.5 - Principal,2025-01-18 11:00 AM,2025,01,18,11,336.6,522,Hazardous,370.0,UG/M3,1 Hr,Valid
Ulaanbaatar,PM2.5 - Principal,2025-01-18 12:00 PM,2025,01,18,12,210.3,285,Very Unhealthy,84.0,UG/M3,1 Hr,Valid
Ulaanbaatar,PM2.5 - Principal,2025-01-18 01:00 PM,2025,01,18,13,141.1,216,Very Unhealthy,72.0,UG/M3,1 Hr,Valid
Ulaanbaatar,PM2.5 - Principal,2025-01-18 02:00 PM,2025,01,18,14,102.5,184,Unhealthy,64.0,UG/M3,1 Hr,Valid
Ulaanbaatar,PM2.5 - Principal,2025-01-18 03:00 PM,2025,01,18,15,95.2,179,Unhealthy,88.0,UG/M3,1 Hr,Valid
Ulaanbaatar,PM2.5 - Principal,2025-01-18 04:00 PM,2025,01,18,16,103.1,184,Unhealthy,111.0,UG/M3,1 Hr,Valid
Ulaanbaatar,PM2.5 - Principal,2025-01-18 05:00 PM,2025,01,18,17,90.0,175,Unhealthy,77.0,UG/M3,1 Hr,Valid
Ulaanbaatar,PM2.5 - Principal,2025-01-18 06:00 PM,2025,01,18,18,90.0,175,Unhealthy,90.0,UG/M3,1 Hr,Valid
Ulaanbaatar,PM2.5 - Principal,2025-01-18 07:00 PM,2025,01,18,19,106.4,187,Unhealthy,123.0,UG/M3,1 Hr,Valid
Ulaanbaatar,PM2.5 - Principal,2025-01-18 08:00 PM,2025,01,18,20,203.2,278,Very Unhealthy,300.0,UG/M3,1 Hr,Valid
Ulaanbaatar,PM2.5 - Principal,2025-01-18 09:00 PM,2025,01,18,21,198.6,273,Very Unhealthy,194.0,UG/M3,1 Hr,Valid
Ulaanbaatar,PM2.5 - Principal,2025-01-18 10:00 PM,2025,01,18,22,200.7,276,Very Unhealthy,203.0,UG/M3,1 Hr,Valid
Ulaanbaatar,PM2.5 - Principal,2025-01-18 11:00 PM,2025,01,18,23,193.3,268,Very Unhealthy,186.0,UG/M3,1 Hr,Valid
Ulaanbaatar,PM2.5 - Principal,2025-01-19 12:00 AM,2025,01,19,00,205.7,280,Very Unhealthy,218.0,UG/M3,1 Hr,Valid
Ulaanbaatar,PM2.5 - Principal,2025-01-19 01:00 AM,2025,01,19,01,207.3,282,Very Unhealthy,209.0,UG/M3,1 Hr,Valid
Ulaanbaatar,PM2.5 - Principal,2025-01-19 02:00 AM,2025,01,19,02,201.2,276,Very Unhealthy,195.0,UG/M3,1 Hr,Valid
Ulaanbaatar,PM2.5 - Principal,2025-01-19 03:00 AM,2025,01,19,03,208.1,283,Very Unhealthy,215.0,UG/M3,1 Hr,Valid
Ulaanbaatar,PM2.5 - Principal,2025-01-19 04:00 AM,2025,01,19,04,151.5,227,Very Unhealthy,95.0,UG/M3,1 Hr,Valid
Ulaanbaatar,PM2.5 - Principal,2025-01-19 05:00 AM,2025,01,19,05,141.7,217,Very Unhealthy,132.0,UG/M3,1 Hr,Valid
Ulaanbaatar,PM2.5 - Principal,2025-01-19 06:00 AM,2025,01,19,06,121.3,197,Unhealthy,101.0,UG/M3,1 Hr,Valid
Ulaanbaatar,PM2.5 - Principal,2025-01-19 07:00 AM,2025,01,19,07,121.1,197,Unhealthy,121.0,UG/M3,1 Hr,Valid
Ulaanbaatar,PM2.5 - Principal,2025-01-19 08:00 AM,2025,01,19,08,108.0,188,Unhealthy,95.0,UG/M3,1 Hr,Valid
Ulaanbaatar,PM2.5 - Principal,2025-01-19 09:00 AM,2025,01,19,09,124.0,199,Unhealthy,140.0,UG/M3,1 Hr,Valid
Ulaanbaatar,PM2.5 - Principal,2025-01-19 10:00 AM,2025,01,19,10,200.0,275,Very Unhealthy,276.0,UG/M3,1 Hr,Valid
Ulaanbaatar,PM2.5 - Principal,2025-01-19 11:00 AM,2025,01,19,11,177.5,253,Very Unhealthy,155.0,UG/M3,1 Hr,Valid
Ulaanbaatar,PM2.5 - Principal,2025-01-19 12:00 PM,2025,01,19,12,103.2,184,Unhealthy,29.0,UG/M3,1 Hr,Valid
Ulaanbaatar,PM2.5 - Principal,2025-01-19 01:00 PM,2025,01,19,13,67.0,159,Unhealthy,31.0,UG/M3,1 Hr,Valid
Ulaanbaatar,PM2.5 - Principal,2025-01-19 02:00 PM,2025,01,19,14,49.0,134,Unhealthy for Sensitive Groups,31.0,UG/M3,1 Hr,Valid
Ulaanbaatar,PM2.5 - Principal,2025-01-19 03:00 PM,2025,01,19,15,47.4,130,Unhealthy for Sensitive Groups,46.0,UG/M3,1 Hr,Valid
Ulaanbaatar,PM2.5 - Principal,2025-01-19 04:00 PM,2025,01,19,16,56.7,152,Unhealthy,66.0,UG/M3,1 Hr,Valid
Ulaanbaatar,PM2.5 - Principal,2025-01-19 05:00 PM,2025,01,19,17,62.8,156,Unhealthy,69.0,UG/M3,1 Hr,Valid
Ulaanbaatar,PM2.5 - Principal,2025-01-19 06:00 PM,2025,01,19,18,75.4,165,Unhealthy,88.0,UG/M3,1 Hr,Valid
Ulaanbaatar,PM2.5 - Principal,2025-01-19 07:00 PM,2025,01,19,19,87.2,173,Unhealthy,99.0,UG/M3,1 Hr,Valid
Ulaanbaatar,PM2.5 - Principal,2025-01-19 08:00 PM,2025,01,19,20,111.6,190,Unhealthy,136.0,UG/M3,1 Hr,Valid
Ulaanbaatar,PM2.5 - Principal,2025-01-19 09:00 PM,2025,01,19,21,162.8,238,Very Unhealthy,214.0,UG/M3,1 Hr,Valid
Ulaanbaatar,PM2.5 - Principal,2025-01-19 10:00 PM,2025,01,19,22,172.3,247,Very Unhealthy,182.0,UG/M3,1 Hr,Valid
Ulaanbaatar,PM2.5 - Principal,2025-01-19 11:00 PM,2025,01,19,23,161.6,237,Very Unhealthy,151.0,UG/M3,1 Hr,Valid
Ulaanbaatar,PM2.5 - Principal,2025-01-20 12:00 AM,2025,01,20,00,161.3,236,Very Unhealthy,161.0,UG/M3,1 Hr,Valid
Ulaanbaatar,PM2.5 - Principal,2025-01-20 01:00 AM,2025,01,20,01,137.6,213,Very Unhealthy,114.0,UG/M3,1 Hr,Valid
Ulaanbaatar,PM2.5 - Principal,2025-01-20 02:00 AM,2025,01,20,02,138.3,214,Very Unhealthy,139.0,UG/M3,1 Hr,Valid
Ulaanbaatar,PM2.5 - Principal,2025-01-20 03:00 AM,2025,01,20,03,111.6,190,Unhealthy,85.0,UG/M3,1 Hr,Valid
Ulaanbaatar,PM2.5 - Principal,2025-01-20 04:00 AM,2025,01,20,04,86.8,173,Unhealthy,62.0,UG/M3,1 Hr,Valid
Ulaanbaatar,PM2.5 - Principal,2025-01-20 05:00 AM,2025,01,20,05,62.4,156,Unhealthy,38.0,UG/M3,1 Hr,Valid
Ulaanbaatar,PM2.5 - Principal,2025-01-20 06:00 AM,2025,01,20,06,53.2,145,Unhealthy for Sensitive Groups,44.0,UG/M3,1 Hr,Valid
Ulaanbaatar,PM2.5 - Principal,2025-01-20 07:00 AM,2025,01,20,07,62.0,156,Unhealthy,71.0,UG/M3,1 Hr,Valid
Ulaanbaatar,PM2.5 - Principal,2025-01-20 08:00 AM,2025,01,20,08,94.5,178,Unhealthy,127.0,UG/M3,1 Hr,Valid
Ulaanbaatar,PM2.5 - Principal,2025-01-20 09:00 AM,2025,01,20,09,155.7,231,Very Unhealthy,217.0,UG/M3,1 Hr,Valid
Ulaanbaatar,PM2.5 - Principal,2025-01-20 10:00 AM,2025,01,20,10,233.4,317,Hazardous,311.0,UG/M3,1 Hr,Valid
Ulaanbaatar,PM2.5 - Principal,2025-01-20 11:00 AM,2025,01,20,11,255.2,360,Hazardous,277.0,UG/M3,1 Hr,Valid
Ulaanbaatar,PM2.5 - Principal,2025-01-20 12:00 PM,2025,01,20,12,181.6,257,Very Unhealthy,108.0,UG/M3,1 Hr,Valid
Ulaanbaatar,PM2.5 - Principal,2025-01-20 01:00 PM,2025,01,20,13,124.2,199,Unhealthy,67.0,UG/M3,1 Hr,Valid
Ulaanbaatar,PM2.5 - Principal,2025-01-20 02:00 PM,2025,01,20,14,94.1,178,Unhealthy,64.0,UG/M3,1 Hr,Valid
Ulaanbaatar,PM2.5 - Principal,2025-01-20 03:00 PM,2025,01,20,15,80.5,169,Unhealthy,67.0,UG/M3,1 Hr,Valid
Ulaanbaatar,PM2.5 - Principal,2025-01-20 04:00 PM,2025,01,20,16,84.7,171,Unhealthy,89.0,UG/M3,1 Hr,Valid
Ulaanbaatar,PM2.5 - Principal,2025-01-20 05:00 PM,2025,01,20,17,82.3,170,Unhealthy,80.0,UG/M3,1 Hr,Valid
Ulaanbaatar,PM2.5 - Principal,2025-01-20 06:00 PM,2025,01,20,18,73.7,164,Unhealthy,65.0,UG/M3,1 Hr,Valid
Ulaanbaatar,PM2.5 - Principal,2025-01-20 07:00 PM,2025,01,20,19,75.3,165,Unhealthy,77.0,UG/M3,1 Hr,Valid
Ulaanbaatar,PM2.5 - Principal,2025-01-20 08:00 PM,2025,01,20,20,146.1,221,Very Unhealthy,217.0,UG/M3,1 Hr,Valid
Ulaanbaatar,PM2.5 - Principal,2025-01-20 09:00 PM,2025,01,20,21,145.0,220,Very Unhealthy,144.0,UG/M3,1 Hr,Valid
Ulaanbaatar,PM2.5 - Principal,2025-01-20 10:00 PM,2025,01,20,22,136.0,211,Very Unhealthy,127.0,UG/M3,1 Hr,Valid
Ulaanbaatar,PM2.5 - Principal,2025-01-20 11:00 PM,2025,01,20,23,131.9,207,Very Unhealthy,128.0,UG/M3,1 Hr,Valid
Ulaanbaatar,PM2.5 - Principal,2025-01-21 12:00 AM,2025,01,21,00,134.4,210,Very Unhealthy,137.0,UG/M3,1 Hr,Valid
Ulaanbaatar,PM2.5 - Principal,2025-01-21 01:00 AM,2025,01,21,01,160.2,235,Very Unhealthy,186.0,UG/M3,1 Hr,Valid
Ulaanbaatar,PM2.5 - Principal,2025-01-21 02:00 AM,2025,01,21,02,144.1,219,Very Unhealthy,128.0,UG/M3,1 Hr,Valid
Ulaanbaatar,PM2.5 - Principal,2025-01-21 03:00 AM,2025,01,21,03,131.0,206,Very Unhealthy,118.0,UG/M3,1 Hr,Valid
Ulaanbaatar,PM2.5 - Principal,2025-01-21 04:00 AM,2025,01,21,04,110.5,190,Unhealthy,90.0,UG/M3,1 Hr,Valid
Ulaanbaatar,PM2.5 - Principal,2025-01-21 05:00 AM,2025,01,21,05,99.7,182,Unhealthy,89.0,UG/M3,1 Hr,Valid
Ulaanbaatar,PM2.5 - Principal,2025-01-21 06:00 AM,2025,01,21,06,75.3,165,Unhealthy,51.0,UG/M3,1 Hr,Valid
Ulaanbaatar,PM2.5 - Principal,2025-01-21 07:00 AM,2025,01,21,07,82.1,170,Unhealthy,89.0,UG/M3,1 Hr,Valid
Ulaanbaatar,PM2.5 - Principal,2025-01-21 08:00 AM,2025,01,21,08,100.0,182,Unhealthy,118.0,UG/M3,1 Hr,Valid
Ulaanbaatar,PM2.5 - Principal,2025-01-21 09:00 AM,2025,01,21,09,166.0,241,Very Unhealthy,232.0,UG/M3,1 Hr,Valid
Ulaanbaatar,PM2.5 - Principal,2025-01-21 10:00 AM,2025,01,21,10,223.0,298,Very Unhealthy,280.0,UG/M3,1 Hr,Valid
Ulaanbaatar,PM2.5 - Principal,2025-01-21 11:00 AM,2025,01,21,11,134.0,209,Very Unhealthy,45.0,UG/M3,1 Hr,Valid
Ulaanbaatar,PM2.5 - Principal,2025-01-21 12:00 PM,2025,01,21,12,84.9,172,Unhealthy,36.0,UG/M3,1 Hr,Valid
Ulaanbaatar,PM2.5 - Principal,2025-01-21 01:00 PM,2025,01,21,13,54.9,149,Unhealthy for Sensitive Groups,25.0,UG/M3,1 Hr,Valid
Ulaanbaatar,PM2.5 - Principal,2025-01-21 02:00 PM,2025,01,21,14,41.4,116,Unhealthy for Sensitive Groups,28.0,UG/M3,1 Hr,Valid
Ulaanbaatar,PM2.5 - Principal,2025-01-21 03:00 PM,2025,01,21,15,38.2,108,Unhealthy for Sensitive Groups,35.0,UG/M3,1 Hr,Valid
Ulaanbaatar,PM2.5 - Principal,2025-01-21 04:00 PM,2025,01,21,16,38.1,107,Unhealthy for Sensitive Groups,38.0,UG/M3,1 Hr,Valid
Ulaanbaatar,PM2.5 - Principal,2025-01-21 05:00 PM,2025,01,21,17,39.5,111,Unhealthy for Sensitive Groups,41.0,UG/M3,1 Hr,Valid
Ulaanbaatar,PM2.5 - Principal,2025-01-21 06:00 PM,2025,01,21,18,38.7,109,Unhealthy for Sensitive Groups,38.0,UG/M3,1 Hr,Valid
Ulaanbaatar,PM2.5 - Principal,2025-01-21 07:00 PM,2025,01,21,19,49.8,136,Unhealthy for Sensitive Groups,61.0,UG/M3,1 Hr,Valid
Ulaanbaatar,PM2.5 - Principal,2025-01-21 08:00 PM,2025,01,21,20,155.4,231,Very Unhealthy,261.0,UG/M3,1 Hr,Valid
Ulaanbaatar,PM2.5 - Principal,2025-01-21 09:00 PM,2025,01,21,21,205.2,280,Very Unhealthy,255.0,UG/M3,1 Hr,Valid
Ulaanbaatar,PM2.5 - Principal,2025-01-21 10:00 PM,2025,01,21,22,211.1,286,Very Unhealthy,217.0,UG/M3,1 Hr,Valid
Ulaanbaatar,PM2.5 - Principal,2025-01-21 11:00 PM,2025,01,21,23,221.5,296,Very Unhealthy,232.0,UG/M3,1 Hr,Valid
Ulaanbaatar,PM2.5 - Principal,2025-01-22 12:00 AM,2025,01,22,00,231.8,314,Hazardous,242.0,UG/M3,1 Hr,Valid
Ulaanbaatar,PM2.5 - Principal,2025-01-22 01:00 AM,2025,01,22,01,242.9,336,Hazardous,254.0,UG/M3,1 Hr,Valid
Ulaanbaatar,PM2.5 - Principal,2025-01-22 02:00 AM,2025,01,22,02,224.4,299,Very Unhealthy,206.0,UG/M3,1 Hr,Valid
Ulaanbaatar,PM2.5 - Principal,2025-01-22 03:00 AM,2025,01,22,03,193.2,268,Very Unhealthy,162.0,UG/M3,1 Hr,Valid
Ulaanbaatar,PM2.5 - Principal,2025-01-22 04:00 AM,2025,01,22,04,164.1,239,Very Unhealthy,135.0,UG/M3,1 Hr,Valid
Ulaanbaatar,PM2.5 - Principal,2025-01-22 05:00 AM,2025,01,22,05,149.5,225,Very Unhealthy,135.0,UG/M3,1 Hr,Valid
Ulaanbaatar,PM2.5 - Principal,2025-01-22 06:00 AM,2025,01,22,06,115.7,193,Unhealthy,82.0,UG/M3,1 Hr,Valid
Ulaanbaatar,PM2.5 - Principal,2025-01-22 07:00 AM,2025,01,22,07,108.9,188,Unhealthy,102.0,UG/M3,1 Hr,Valid
Ulaanbaatar,PM2.5 - Principal,2025-01-22 08:00 AM,2025,01,22,08,142.9,218,Very Unhealthy,177.0,UG/M3,1 Hr,Valid
Ulaanbaatar,PM2.5 - Principal,2025-01-22 09:00 AM,2025,01,22,09,192.9,268,Very Unhealthy,243.0,UG/M3,1 Hr,Valid
Ulaanbaatar,PM2.5 - Principal,2025-01-22 10:00 AM,2025,01,22,10,294.5,438,Hazardous,396.0,UG/M3,1 Hr,Valid
Ulaanbaatar,PM2.5 - Principal,2025-01-22 11:00 AM,2025,01,22,11,312.2,474,Hazardous,330.0,UG/M3,1 Hr,Valid
Ulaanbaatar,PM2.5 - Principal,2025-01-22 12:00 PM,2025,01,22,12,181.6,257,Very Unhealthy,51.0,UG/M3,1 Hr,Valid
Ulaanbaatar,PM2.5 - Principal,2025-01-22 01:00 PM,2025,01,22,13,113.7,192,Unhealthy,46.0,UG/M3,1 Hr,Valid
Ulaanbaatar,PM2.5 - Principal,2025-01-22 02:00 PM,2025,01,22,14,79.3,168,Unhealthy,45.0,UG/M3,1 Hr,Valid
Ulaanbaatar,PM2.5 - Principal,2025-01-22 03:00 PM,2025,01,22,15,64.6,157,Unhealthy,50.0,UG/M3,1 Hr,Valid
Ulaanbaatar,PM2.5 - Principal,2025-01-22 04:00 PM,2025,01,22,16,54.3,147,Unhealthy for Sensitive Groups,44.0,UG/M3,1 Hr,Valid
Ulaanbaatar,PM2.5 - Principal,2025-01-22 05:00 PM,2025,01,22,17,50.1,137,Unhealthy for Sensitive Groups,46.0,UG/M3,1 Hr,Valid
Ulaanbaatar,PM2.5 - Principal,2025-01-22 06:00 PM,2025,01,22,18,48.5,133,Unhealthy for Sensitive Groups,47.0,UG/M3,1 Hr,Valid
Ulaanbaatar,PM2.5 - Principal,2025-01-22 07:00 PM,2025,01,22,19,64.2,157,Unhealthy,80.0,UG/M3,1 Hr,Valid
Ulaanbaatar,PM2.5 - Principal,2025-01-22 08:00 PM,2025,01,22,20,159.1,234,Very Unhealthy,254.0,UG/M3,1 Hr,Valid
Ulaanbaatar,PM2.5 - Principal,2025-01-22 09:00 PM,2025,01,22,21,168.0,243,Very Unhealthy,177.0,UG/M3,1 Hr,Valid
Ulaanbaatar,PM2.5 - Principal,2025-01-22 10:00 PM,2025,01,22,22,147.0,222,Very Unhealthy,126.0,UG/M3,1 Hr,Valid
Ulaanbaatar,PM2.5 - Principal,2025-01-22 11:00 PM,2025,01,22,23,136.9,212,Very Unhealthy,127.0,UG/M3,1 Hr,Valid
Ulaanbaatar,PM2.5 - Principal,2025-01-23 12:00 AM,2025,01,23,00,148.0,223,Very Unhealthy,159.0,UG/M3,1 Hr,Valid
Ulaanbaatar,PM2.5 - Principal,2025-01-23 01:00 AM,2025,01,23,01,157.5,233,Very Unhealthy,167.0,UG/M3,1 Hr,Valid
Ulaanbaatar,PM2.5 - Principal,2025-01-23 02:00 AM,2025,01,23,02,175.2,250,Very Unhealthy,193.0,UG/M3,1 Hr,Valid
Ulaanbaatar,PM2.5 - Principal,2025-01-23 03:00 AM,2025,01,23,03,199.6,274,Very Unhealthy,224.0,UG/M3,1 Hr,Valid
Ulaanbaatar,PM2.5 - Principal,2025-01-23 04:00 AM,2025,01,23,04,153.8,229,Very Unhealthy,108.0,UG/M3,1 Hr,Valid
Ulaanbaatar,PM2.5 - Principal,2025-01-23 05:00 AM,2025,01,23,05,140.9,216,Very Unhealthy,128.0,UG/M3,1 Hr,Valid
Ulaanbaatar,PM2.5 - Principal,2025-01-23 06:00 AM,2025,01,23,06,113.4,192,Unhealthy,86.0,UG/M3,1 Hr,Valid
Ulaanbaatar,PM2.5 - Principal,2025-01-23 07:00 AM,2025,01,23,07,95.2,179,Unhealthy,77.0,UG/M3,1 Hr,Valid
Ulaanbaatar,PM2.5 - Principal,2025-01-23 08:00 AM,2025,01,23,08,103.0,184,Unhealthy,111.0,UG/M3,1 Hr,Valid
Ulaanbaatar,PM2.5 - Principal,2025-01-23 09:00 AM,2025,01,23,09,130.0,205,Very Unhealthy,157.0,UG/M3,1 Hr,Valid
Ulaanbaatar,PM2.5 - Principal,2025-01-23 10:00 AM,2025,01,23,10,191.5,266,Very Unhealthy,253.0,UG/M3,1 Hr,Valid
Ulaanbaatar,PM2.5 - Principal,2025-01-23 11:00 AM,2025,01,23,11,116.7,194,Unhealthy,42.0,UG/M3,1 Hr,Valid
Ulaanbaatar,PM2.5 - Principal,2025-01-23 12:00 PM,2025,01,23,12,70.3,161,Unhealthy,24.0,UG/M3,1 Hr,Valid
Ulaanbaatar,PM2.5 - Principal,2025-01-23 01:00 PM,2025,01,23,13,44.6,123,Unhealthy for Sensitive Groups,19.0,UG/M3,1 Hr,Valid
Ulaanbaatar,PM2.5 - Principal,2025-01-23 02:00 PM,2025,01,23,14,32.3,94,Moderate,20.0,UG/M3,1 Hr,Valid
Ulaanbaatar,PM2.5 - Principal,2025-01-23 03:00 PM,2025,01,23,15,26.1,83,Moderate,20.0,UG/M3,1 Hr,Valid
Ulaanbaatar,PM2.5 - Principal,2025-01-23 04:00 PM,2025,01,23,16,23.5,78,Moderate,21.0,UG/M3,1 Hr,Valid
Ulaanbaatar,PM2.5 - Principal,2025-01-23 05:00 PM,2025,01,23,17,22.7,76,Moderate,22.0,UG/M3,1 Hr,Valid
Ulaanbaatar,PM2.5 - Principal,2025-01-23 06:00 PM,2025,01,23,18,25.3,81,Moderate,28.0,UG/M3,1 Hr,Valid
Ulaanbaatar,PM2.5 - Principal,2025-01-23 07:00 PM,2025,01,23,19,47.1,130,Unhealthy for Sensitive Groups,69.0,UG/M3,1 Hr,Valid
Ulaanbaatar,PM2.5 - Principal,2025-01-23 08:00 PM,2025,01,23,20,61.0,155,Unhealthy,75.0,UG/M3,1 Hr,Valid
Ulaanbaatar,PM2.5 - Principal,2025-01-23 09:00 PM,2025,01,23,21,42.5,118,Unhealthy for Sensitive Groups,24.0,UG/M3,1 Hr,Valid
Ulaanbaatar,PM2.5 - Principal,2025-01-23 10:00 PM,2025,01,23,22,30.7,91,Moderate,19.0,UG/M3,1 Hr,Valid
Ulaanbaatar,PM2.5 - Principal,2025-01-23 11:00 PM,2025,01,23,23,24.3,79,Moderate,18.0,UG/M3,1 Hr,Valid
Ulaanbaatar,PM2.5 - Principal,2025-01-24 12:00 AM,2025,01,24,00,18.1,68,Moderate,12.0,UG/M3,1 Hr,Valid
Ulaanbaatar,PM2.5 - Principal,2025-01-24 01:00 AM,2025,01,24,01,16.5,65,Moderate,15.0,UG/M3,1 Hr,Valid
Ulaanbaatar,PM2.5 - Principal,2025-01-24 02:00 AM,2025,01,24,02,11.2,55,Moderate,6.0,UG/M3,1 Hr,Valid
Ulaanbaatar,PM2.5 - Principal,2025-01-24 03:00 AM,2025,01,24,03,8.1,45,Good,5.0,UG/M3,1 Hr,Valid
Ulaanbaatar,PM2.5 - Principal,2025-01-24 04:00 AM,2025,01,24,04,5.5,31,Good,3.0,UG/M3,1 Hr,Valid
Ulaanbaatar,PM2.5 - Principal,2025-01-24 05:00 AM,2025,01,24,05,4.2,23,Good,3.0,UG/M3,1 Hr,Valid
Ulaanbaatar,PM2.5 - Principal,2025-01-24 06:00 AM,2025,01,24,06,3.6,20,Good,3.0,UG/M3,1 Hr,Valid
Ulaanbaatar,PM2.5 - Principal,2025-01-24 07:00 AM,2025,01,24,07,4.3,24,Good,5.0,UG/M3,1 Hr,Valid
Ulaanbaatar,PM2.5 - Principal,2025-01-24 08:00 AM,2025,01,24,08,8.1,45,Good,12.0,UG/M3,1 Hr,Valid
Ulaanbaatar,PM2.5 - Principal,2025-01-24 09:00 AM,2025,01,24,09,13.5,59,Moderate,19.0,UG/M3,1 Hr,Valid
Ulaanbaatar,PM2.5 - Principal,2025-01-24 10:00 AM,2025,01,24,10,21.7,74,Moderate,30.0,UG/M3,1 Hr,Valid
Ulaanbaatar,PM2.5 - Principal,2025-01-24 11:00 AM,2025,01,24,11,24.8,80,Moderate,28.0,UG/M3,1 Hr,Valid
Ulaanbaatar,PM2.5 - Principal,2025-01-24 12:00 PM,2025,01,24,12,23.4,78,Moderate,22.0,UG/M3,1 Hr,Valid
Ulaanbaatar,PM2.5 - Principal,2025-01-24 01:00 PM,2025,01,24,13,22.7,76,Moderate,22.0,UG/M3,1 Hr,Valid
Ulaanbaatar,PM2.5 - Principal,2025-01-24 02:00 PM,2025,01,24,14,35.8,102,Unhealthy for Sensitive Groups,49.0,UG/M3,1 Hr,Valid
Ulaanbaatar,PM2.5 - Principal,2025-01-24 03:00 PM,2025,01,24,15,38.4,108,Unhealthy for Sensitive Groups,41.0,UG/M3,1 Hr,Valid
Ulaanbaatar,PM2.5 - Principal,2025-01-24 04:00 PM,2025,01,24,16,33.7,97,Moderate,29.0,UG/M3,1 Hr,Valid
Ulaanbaatar,PM2.5 - Principal,2025-01-24 05:00 PM,2025,01,24,17,26.8,84,Moderate,20.0,UG/M3,1 Hr,Valid
Ulaanbaatar,PM2.5 - Principal,2025-01-24 06:00 PM,2025,01,24,18,23.9,79,Moderate,21.0,UG/M3,1 Hr,Valid
Ulaanbaatar,PM2.5 - Principal,2025-01-24 07:00 PM,2025,01,24,19,22.9,77,Moderate,22.0,UG/M3,1 Hr,Valid
Ulaanbaatar,PM2.5 - Principal,2025-01-24 08:00 PM,2025,01,24,20,20.9,73,Moderate,19.0,UG/M3,1 Hr,Valid
Ulaanbaatar,PM2.5 - Principal,2025-01-24 09:00 PM,2025,01,24,21,19.9,71,Moderate,19.0,UG/M3,1 Hr,Valid
Ulaanbaatar,PM2.5 - Principal,2025-01-24 10:00 PM,2025,01,24,22,19.9,71,Moderate,20.0,UG/M3,1 Hr,Valid
Ulaanbaatar,PM2.5 - Principal,2025-01-24 11:00 PM,2025,01,24,23,17.4,66,Moderate,15.0,UG/M3,1 Hr,Valid
Ulaanbaatar,PM2.5 - Principal,2025-01-25 12:00 AM,2025,01,25,00,18.2,68,Moderate,19.0,UG/M3,1 Hr,Valid
Ulaanbaatar,PM2.5 - Principal,2025-01-25 01:00 AM,2025,01,25,01,14.1,60,Moderate,10.0,UG/M3,1 Hr,Valid
Ulaanbaatar,PM2.5 - Principal,2025-01-25 02:00 AM,2025,01,25,02,12.0,56,Moderate,10.0,UG/M3,1 Hr,Valid
Ulaanbaatar,PM2.5 - Principal,2025-01-25 03:00 AM,2025,01,25,03,10.0,53,Moderate,8.0,UG/M3,1 Hr,Valid
Ulaanbaatar,PM2.5 - Principal,2025-01-25 04:00 AM,2025,01,25,04,9.0,50,Good,8.0,UG/M3,1 Hr,Valid
Ulaanbaatar,PM2.5 - Principal,2025-01-25 05:00 AM,2025,01,25,05,6.5,36,Good,4.0,UG/M3,1 Hr,Valid
Ulaanbaatar,PM2.5 - Principal,2025-01-25 06:00 AM,2025,01,25,06,5.2,29,Good,4.0,UG/M3,1 Hr,Valid
Ulaanbaatar,PM2.5 - Principal,2025-01-25 07:00 AM,2025,01,25,07,6.1,34,Good,7.0,UG/M3,1 Hr,Valid
Ulaanbaatar,PM2.5 - Principal,2025-01-25 08:00 AM,2025,01,25,08,7.0,39,Good,8.0,UG/M3,1 Hr,Valid
Ulaanbaatar,PM2.5 - Principal,2025-01-25 09:00 AM,2025,01,25,09,8.0,44,Good,9.0,UG/M3,1 Hr,Valid
Ulaanbaatar,PM2.5 - Principal,2025-01-25 10:00 AM,2025,01,25,10,12.0,56,Moderate,16.0,UG/M3,1 Hr,Valid
Ulaanbaatar,PM2.5 - Principal,2025-01-25 11:00 AM,2025,01,25,11,11.0,55,Moderate,10.0,UG/M3,1 Hr,Valid
Ulaanbaatar,PM2.5 - Principal,2025-01-25 12:00 PM,2025,01,25,12,10.5,54,Moderate,10.0,UG/M3,1 Hr,Valid
Ulaanbaatar,PM2.5 - Principal,2025-01-25 01:00 PM,2025,01,25,13,9.7,52,Moderate,9.0,UG/M3,1 Hr,Valid
Ulaanbaatar,PM2.5 - Principal,2025-01-25 02:00 PM,2025,01,25,14,7.8,43,Good,6.0,UG/M3,1 Hr,Valid
Ulaanbaatar,PM2.5 - Principal,2025-01-25 03:00 PM,2025,01,25,15,6.9,38,Good,6.0,UG/M3,1 Hr,Valid
Ulaanbaatar,PM2.5 - Principal,2025-01-25 04:00 PM,2025,01,25,16,7.4,41,Good,8.0,UG/M3,1 Hr,Valid
Ulaanbaatar,PM2.5 - Principal,2025-01-25 05:00 PM,2025,01,25,17,7.7,43,Good,8.0,UG/M3,1 Hr,Valid
Ulaanbaatar,PM2.5 - Principal,2025-01-25 06:00 PM,2025,01,25,18,9.8,52,Moderate,12.0,UG/M3,1 Hr,Valid
Ulaanbaatar,PM2.5 - Principal,2025-01-25 07:00 PM,2025,01,25,19,11.4,55,Moderate,13.0,UG/M3,1 Hr,Valid
Ulaanbaatar,PM2.5 - Principal,2025-01-25 08:00 PM,2025,01,25,20,12.7,58,Moderate,14.0,UG/M3,1 Hr,Valid
Ulaanbaatar,PM2.5 - Principal,2025-01-25 09:00 PM,2025,01,25,21,11.8,56,Moderate,11.0,UG/M3,1 Hr,Valid
Ulaanbaatar,PM2.5 - Principal,2025-01-25 10:00 PM,2025,01,25,22,10.9,54,Moderate,10.0,UG/M3,1 Hr,Valid
Ulaanbaatar,PM2.5 - Principal,2025-01-25 11:00 PM,2025,01,25,23,10.9,54,Moderate,11.0,UG/M3,1 Hr,Valid
Ulaanbaatar,PM2.5 - Principal,2025-01-26 12:00 AM,2025,01,26,00,12.4,57,Moderate,14.0,UG/M3,1 Hr,Valid
Ulaanbaatar,PM2.5 - Principal,2025-01-26 01:00 AM,2025,01,26,01,14.2,61,Moderate,16.0,UG/M3,1 Hr,Valid
Ulaanbaatar,PM2.5 - Principal,2025-01-26 02:00 AM,2025,01,26,02,21.1,73,Moderate,28.0,UG/M3,1 Hr,Valid
Ulaanbaatar,PM2.5 - Principal,2025-01-26 03:00 AM,2025,01,26,03,24.0,79,Moderate,27.0,UG/M3,1 Hr,Valid
Ulaanbaatar,PM2.5 - Principal,2025-01-26 04:00 AM,2025,01,26,04,26.0,82,Moderate,28.0,UG/M3,1 Hr,Valid
Ulaanbaatar,PM2.5 - Principal,2025-01-26 05:00 AM,2025,01,26,05,33.5,96,Moderate,41.0,UG/M3,1 Hr,Valid
Ulaanbaatar,PM2.5 - Principal,2025-01-26 06:00 AM,2025,01,26,06,62.7,156,Unhealthy,92.0,UG/M3,1 Hr,Valid
Ulaanbaatar,PM2.5 - Principal,2025-01-26 07:00 AM,2025,01,26,07,63.3,156,Unhealthy,64.0,UG/M3,1 Hr,Valid
Ulaanbaatar,PM2.5 - Principal,2025-01-26 08:00 AM,2025,01,26,08,58.7,153,Unhealthy,54.0,UG/M3,1 Hr,Valid
Ulaanbaatar,PM2.5 - Principal,2025-01-26 09:00 AM,2025,01,26,09,68.3,160,Unhealthy,78.0,UG/M3,1 Hr,Valid
Ulaanbaatar,PM2.5 - Principal,2025-01-26 10:00 AM,2025,01,26,10,126.2,202,Very Unhealthy,184.0,UG/M3,1 Hr,Valid
Ulaanbaatar,PM2.5 - Principal,2025-01-26 11:00 AM,2025,01,26,11,122.6,198,Unhealthy,119.0,UG/M3,1 Hr,Valid
Ulaanbaatar,PM2.5 - Principal,2025-01-26 12:00 PM,2025,01,26,12,75.3,165,Unhealthy,28.0,UG/M3,1 Hr,Valid
Ulaanbaatar,PM2.5 - Principal,2025-01-26 01:00 PM,2025,01,26,13,56.1,151,Unhealthy,37.0,UG/M3,1 Hr,Valid
Ulaanbaatar,PM2.5 - Principal,2025-01-26 02:00 PM,2025,01,26,14,43.0,119,Unhealthy for Sensitive Groups,30.0,UG/M3,1 Hr,Valid
Ulaanbaatar,PM2.5 - Principal,2025-01-26 03:00 PM,2025,01,26,15,27.5,85,Moderate,12.0,UG/M3,1 Hr,Valid
Ulaanbaatar,PM2.5 - Principal,2025-01-26 04:00 PM,2025,01,26,16,20.7,73,Moderate,14.0,UG/M3,1 Hr,Valid
Ulaanbaatar,PM2.5 - Principal,2025-01-26 05:00 PM,2025,01,26,17,16.3,64,Moderate,12.0,UG/M3,1 Hr,Valid
Ulaanbaatar,PM2.5 - Principal,2025-01-26 06:00 PM,2025,01,26,18,14.6,61,Moderate,13.0,UG/M3,1 Hr,Valid
Ulaanbaatar,PM2.5 - Principal,2025-01-26 07:00 PM,2025,01,26,19,20.8,73,Moderate,27.0,UG/M3,1 Hr,Valid
Ulaanbaatar,PM2.5 - Principal,2025-01-26 08:00 PM,2025,01,26,20,28.4,87,Moderate,36.0,UG/M3,1 Hr,Valid
Ulaanbaatar,PM2.5 - Principal,2025-01-26 09:00 PM,2025,01,26,21,41.2,115,Unhealthy for Sensitive Groups,54.0,UG/M3,1 Hr,Valid
Ulaanbaatar,PM2.5 - Principal,2025-01-26 10:00 PM,2025,01,26,22,78.5,167,Unhealthy,116.0,UG/M3,1 Hr,Valid
Ulaanbaatar,PM2.5 - Principal,2025-01-26 11:00 PM,2025,01,26,23,95.2,179,Unhealthy,112.0,UG/M3,1 Hr,Valid
Ulaanbaatar,PM2.5 - Principal,2025-01-27 12:00 AM,2025,01,27,00,95.6,179,Unhealthy,96.0,UG/M3,1 Hr,Valid
Ulaanbaatar,PM2.5 - Principal,2025-01-27 01:00 AM,2025,01,27,01,101.8,183,Unhealthy,108.0,UG/M3,1 Hr,Valid
Ulaanbaatar,PM2.5 - Principal,2025-01-27 02:00 AM,2025,01,27,02,86.9,173,Unhealthy,72.0,UG/M3,1 Hr,Valid
Ulaanbaatar,PM2.5 - Principal,2025-01-27 03:00 AM,2025,01,27,03,67.4,159,Unhealthy,48.0,UG/M3,1 Hr,Valid
Ulaanbaatar,PM2.5 - Principal,2025-01-27 04:00 AM,2025,01,27,04,51.7,141,Unhealthy for Sensitive Groups,36.0,UG/M3,1 Hr,Valid
Ulaanbaatar,PM2.5 - Principal,2025-01-27 05:00 AM,2025,01,27,05,42.8,119,Unhealthy for Sensitive Groups,34.0,UG/M3,1 Hr,Valid
Ulaanbaatar,PM2.5 - Principal,2025-01-27 06:00 AM,2025,01,27,06,35.9,102,Unhealthy for Sensitive Groups,29.0,UG/M3,1 Hr,Valid
Ulaanbaatar,PM2.5 - Principal,2025-01-27 07:00 AM,2025,01,27,07,43.4,120,Unhealthy for Sensitive Groups,51.0,UG/M3,1 Hr,Valid
Ulaanbaatar,PM2.5 - Principal,2025-01-27 08:00 AM,2025,01,27,08,66.2,159,Unhealthy,89.0,UG/M3,1 Hr,Valid
Ulaanbaatar,PM2.5 - Principal,2025-01-27 09:00 AM,2025,01,27,09,103.6,185,Unhealthy,141.0,UG/M3,1 Hr,Valid
Ulaanbaatar,PM2.5 - Principal,2025-01-27 10:00 AM,2025,01,27,10,156.3,232,Very Unhealthy,209.0,UG/M3,1 Hr,Valid
Ulaanbaatar,PM2.5 - Principal,2025-01-27 11:00 AM,2025,01,27,11,198.6,273,Very Unhealthy,241.0,UG/M3,1 Hr,Valid
Ulaanbaatar,PM2.5 - Principal,2025-01-27 12:00 PM,2025,01,27,12,146.8,222,Very Unhealthy,95.0,UG/M3,1 Hr,Valid
Ulaanbaatar,PM2.5 - Principal,2025-01-27 01:00 PM,2025,01,27,13,122.9,198,Unhealthy,99.0,UG/M3,1 Hr,Valid
Ulaanbaatar,PM2.5 - Principal,2025-01-27 02:00 PM,2025,01,27,14,106.4,187,Unhealthy,90.0,UG/M3,1 Hr,Valid
Ulaanbaatar,PM2.5 - Principal,2025-01-27 03:00 PM,2025,01,27,15,67.2,159,Unhealthy,28.0,UG/M3,1 Hr,Valid
Ulaanbaatar,PM2.5 - Principal,2025-01-27 04:00 PM,2025,01,27,16,42.6,118,Unhealthy for Sensitive Groups,18.0,UG/M3,1 Hr,Valid
Ulaanbaatar,PM2.5 - Principal,2025-01-27 05:00 PM,2025,01,27,17,34.3,98,Moderate,26.0,UG/M3,1 Hr,Valid
Ulaanbaatar,PM2.5 - Principal,2025-01-27 06:00 PM,2025,01,27,18,31.1,92,Moderate,28.0,UG/M3,1 Hr,Valid
Ulaanbaatar,PM2.5 - Principal,2025-01-27 07:00 PM,2025,01,27,19,30.5,91,Moderate,30.0,UG/M3,1 Hr,Valid
Ulaanbaatar,PM2.5 - Principal,2025-01-27 08:00 PM,2025,01,27,20,34.7,99,Moderate,39.0,UG/M3,1 Hr,Valid
Ulaanbaatar,PM2.5 - Principal,2025-01-27 09:00 PM,2025,01,27,21,71.3,162,Unhealthy,108.0,UG/M3,1 Hr,Valid
Ulaanbaatar,PM2.5 - Principal,2025-01-27 10:00 PM,2025,01,27,22,112.1,191,Unhealthy,153.0,UG/M3,1 Hr,Valid
Ulaanbaatar,PM2.5 - Principal,2025-01-27 11:00 PM,2025,01,27,23,105.0,186,Unhealthy,98.0,UG/M3,1 Hr,Valid
Ulaanbaatar,PM2.5 - Principal,2025-01-28 12:00 AM,2025,01,28,00,105.0,186,Unhealthy,105.0,UG/M3,1 Hr,Valid
Ulaanbaatar,PM2.5 - Principal,2025-01-28 01:00 AM,2025,01,28,01,118.0,195,Unhealthy,131.0,UG/M3,1 Hr,Valid
Ulaanbaatar,PM2.5 - Principal,2025-01-28 02:00 AM,2025,01,28,02,117.5,194,Unhealthy,117.0,UG/M3,1 Hr,Valid
Ulaanbaatar,PM2.5 - Principal,2025-01-28 03:00 AM,2025,01,28,03,105.2,186,Unhealthy,93.0,UG/M3,1 Hr,Valid
Ulaanbaatar,PM2.5 - Principal,2025-01-28 04:00 AM,2025,01,28,04,117.6,195,Unhealthy,130.0,UG/M3,1 Hr,Valid
Ulaanbaatar,PM2.5 - Principal,2025-01-28 05:00 AM,2025,01,28,05,81.8,169,Unhealthy,46.0,UG/M3,1 Hr,Valid
Ulaanbaatar,PM2.5 - Principal,2025-01-28 06:00 AM,2025,01,28,06,87.4,173,Unhealthy,93.0,UG/M3,1 Hr,Valid
Ulaanbaatar,PM2.5 - Principal,2025-01-28 07:00 AM,2025,01,28,07,63.7,157,Unhealthy,40.0,UG/M3,1 Hr,Valid
Ulaanbaatar,PM2.5 - Principal,2025-01-28 08:00 AM,2025,01,28,08,55.8,151,Unhealthy,48.0,UG/M3,1 Hr,Valid
Ulaanbaatar,PM2.5 - Principal,2025-01-28 09:00 AM,2025,01,28,09,60.4,154,Unhealthy,65.0,UG/M3,1 Hr,Valid
Ulaanbaatar,PM2.5 - Principal,2025-01-28 10:00 AM,2025,01,28,10,47.1,130,Unhealthy for Sensitive Groups,34.0,UG/M3,1 Hr,Valid
Ulaanbaatar,PM2.5 - Principal,2025-01-28 11:00 AM,2025,01,28,11,45.0,124,Unhealthy for Sensitive Groups,43.0,UG/M3,1 Hr,Valid
Ulaanbaatar,PM2.5 - Principal,2025-01-28 12:00 PM,2025,01,28,12,36.5,103,Unhealthy for Sensitive Groups,28.0,UG/M3,1 Hr,Valid
Ulaanbaatar,PM2.5 - Principal,2025-01-28 01:00 PM,2025,01,28,13,29.7,89,Moderate,23.0,UG/M3,1 Hr,Valid
Ulaanbaatar,PM2.5 - Principal,2025-01-28 02:00 PM,2025,01,28,14,26.8,84,Moderate,24.0,UG/M3,1 Hr,Valid
Ulaanbaatar,PM2.5 - Principal,2025-01-28 03:00 PM,2025,01,28,15,26.9,84,Moderate,27.0,UG/M3,1 Hr,Valid
Ulaanbaatar,PM2.5 - Principal,2025-01-28 04:00 PM,2025,01,28,16,34.4,98,Moderate,42.0,UG/M3,1 Hr,Valid
Ulaanbaatar,PM2.5 - Principal,2025-01-28 05:00 PM,2025,01,28,17,35.7,101,Unhealthy for Sensitive Groups,37.0,UG/M3,1 Hr,Valid
Ulaanbaatar,PM2.5 - Principal,2025-01-28 06:00 PM,2025,01,28,18,40.8,114,Unhealthy for Sensitive Groups,46.0,UG/M3,1 Hr,Valid
Ulaanbaatar,PM2.5 - Principal,2025-01-28 07:00 PM,2025,01,28,19,43.9,122,Unhealthy for Sensitive Groups,47.0,UG/M3,1 Hr,Valid
Ulaanbaatar,PM2.5 - Principal,2025-01-28 08:00 PM,2025,01,28,20,70.4,161,Unhealthy,97.0,UG/M3,1 Hr,Valid
Ulaanbaatar,PM2.5 - Principal,2025-01-28 09:00 PM,2025,01,28,21,101.7,183,Unhealthy,133.0,UG/M3,1 Hr,Valid
Ulaanbaatar,PM2.5 - Principal,2025-01-28 10:00 PM,2025,01,28,22,129.3,205,Very Unhealthy,157.0,UG/M3,1 Hr,Valid
Ulaanbaatar,PM2.5 - Principal,2025-01-28 11:00 PM,2025,01,28,23,123.2,198,Unhealthy,117.0,UG/M3,1 Hr,Valid
Ulaanbaatar,PM2.5 - Principal,2025-01-29 12:00 AM,2025,01,29,00,136.6,212,Very Unhealthy,150.0,UG/M3,1 Hr,Valid
Ulaanbaatar,PM2.5 - Principal,2025-01-29 01:00 AM,2025,01,29,01,147.8,223,Very Unhealthy,159.0,UG/M3,1 Hr,Valid
Ulaanbaatar,PM2.5 - Principal,2025-01-29 02:00 AM,2025,01,29,02,131.9,207,Very Unhealthy,116.0,UG/M3,1 Hr,Valid
Ulaanbaatar,PM2.5 - Principal,2025-01-29 03:00 AM,2025,01,29,03,120.4,196,Unhealthy,109.0,UG/M3,1 Hr,Valid
Ulaanbaatar,PM2.5 - Principal,2025-01-29 04:00 AM,2025,01,29,04,115.2,193,Unhealthy,110.0,UG/M3,1 Hr,Valid
Ulaanbaatar,PM2.5 - Principal,2025-01-29 05:00 AM,2025,01,29,05,100.6,183,Unhealthy,86.0,UG/M3,1 Hr,Valid
Ulaanbaatar,PM2.5 - Principal,2025-01-29 06:00 AM,2025,01,29,06,83.3,170,Unhealthy,66.0,UG/M3,1 Hr,Valid
Ulaanbaatar,PM2.5 - Principal,2025-01-29 07:00 AM,2025,01,29,07,78.6,167,Unhealthy,74.0,UG/M3,1 Hr,Valid
Ulaanbaatar,PM2.5 - Principal,2025-01-29 08:00 AM,2025,01,29,08,121.3,197,Unhealthy,164.0,UG/M3,1 Hr,Valid
Ulaanbaatar,PM2.5 - Principal,2025-01-29 09:00 AM,2025,01,29,09,161.1,236,Very Unhealthy,201.0,UG/M3,1 Hr,Valid
Ulaanbaatar,PM2.5 - Principal,2025-01-29 10:00 AM,2025,01,29,10,169.5,245,Very Unhealthy,178.0,UG/M3,1 Hr,Valid
Ulaanbaatar,PM2.5 - Principal,2025-01-29 11:00 AM,2025,01,29,11,98.2,181,Unhealthy,27.0,UG/M3,1 Hr,Valid
Ulaanbaatar,PM2.5 - Principal,2025-01-29 12:00 PM,2025,01,29,12,61.6,155,Unhealthy,25.0,UG/M3,1 Hr,Valid
Ulaanbaatar,PM2.5 - Principal,2025-01-29 01:00 PM,2025,01,29,13,39.2,110,Unhealthy for Sensitive Groups,17.0,UG/M3,1 Hr,Valid
Ulaanbaatar,PM2.5 - Principal,2025-01-29 02:00 PM,2025,01,29,14,27.6,85,Moderate,16.0,UG/M3,1 Hr,Valid
Ulaanbaatar,PM2.5 - Principal,2025-01-29 03:00 PM,2025,01,29,15,21.3,74,Moderate,15.0,UG/M3,1 Hr,Valid
Ulaanbaatar,PM2.5 - Principal,2025-01-29 04:00 PM,2025,01,29,16,21.1,73,Moderate,21.0,UG/M3,1 Hr,Valid
Ulaanbaatar,PM2.5 - Principal,2025-01-29 05:00 PM,2025,01,29,17,18.5,69,Moderate,16.0,UG/M3,1 Hr,Valid
Ulaanbaatar,PM2.5 - Principal,2025-01-29 06:00 PM,2025,01,29,18,16.2,64,Moderate,14.0,UG/M3,1 Hr,Valid
Ulaanbaatar,PM2.5 - Principal,2025-01-29 07:00 PM,2025,01,29,19,16.6,65,Moderate,17.0,UG/M3,1 Hr,Valid
Ulaanbaatar,PM2.5 - Principal,2025-01-29 08:00 PM,2025,01,29,20,18.7,69,Moderate,21.0,UG/M3,1 Hr,Valid
Ulaanbaatar,PM2.5 - Principal,2025-01-29 09:00 PM,2025,01,29,21,19.8,71,Moderate,21.0,UG/M3,1 Hr,Valid
Ulaanbaatar,PM2.5 - Principal,2025-01-29 10:00 PM,2025,01,29,22,20.3,72,Moderate,21.0,UG/M3,1 Hr,Valid
Ulaanbaatar,PM2.5 - Principal,2025-01-29 11:00 PM,2025,01,29,23,18.7,69,Moderate,17.0,UG/M3,1 Hr,Valid
Ulaanbaatar,PM2.5 - Principal,2025-01-30 12:00 AM,2025,01,30,00,16.5,65,Moderate,13.0,UG/M3,1 Hr,Valid
Ulaanbaatar,PM2.5 - Principal,2025-01-30 01:00 AM,2025,01,30,01,13.6,59,Moderate,11.0,UG/M3,1 Hr,Valid
Ulaanbaatar,PM2.5 - Principal,2025-01-30 02:00 AM,2025,01,30,02,10.2,53,Moderate,7.0,UG/M3,1 Hr,Valid
Ulaanbaatar,PM2.5 - Principal,2025-01-30 03:00 AM,2025,01,30,03,8.1,45,Good,6.0,UG/M3,1 Hr,Valid
Ulaanbaatar,PM2.5 - Principal,2025-01-30 04:00 AM,2025,01,30,04,7.0,39,Good,6.0,UG/M3,1 Hr,Valid
Ulaanbaatar,PM2.5 - Principal,2025-01-30 05:00 AM,2025,01,30,05,6.5,36,Good,6.0,UG/M3,1 Hr,Valid
Ulaanbaatar,PM2.5 - Principal,2025-01-30 06:00 AM,2025,01,30,06,6.7,37,Good,7.0,UG/M3,1 Hr,Valid
Ulaanbaatar,PM2.5 - Principal,2025-01-30 07:00 AM,2025,01,30,07,6.8,38,Good,7.0,UG/M3,1 Hr,Valid
Ulaanbaatar,PM2.5 - Principal,2025-01-30 08:00 AM,2025,01,30,08,10.9,54,Moderate,15.0,UG/M3,1 Hr,Valid
Ulaanbaatar,PM2.5 - Principal,2025-01-30 09:00 AM,2025,01,30,09,13.4,59,Moderate,16.0,UG/M3,1 Hr,Valid
Ulaanbaatar,PM2.5 - Principal,2025-01-30 10:00 AM,2025,01,30,10,15.7,63,Moderate,18.0,UG/M3,1 Hr,Valid
Ulaanbaatar,PM2.5 - Principal,2025-01-30 11:00 AM,2025,01,30,11,16.8,65,Moderate,18.0,UG/M3,1 Hr,Valid
Ulaanbaatar,PM2.5 - Principal,2025-01-30 12:00 PM,2025,01,30,12,13.4,59,Moderate,10.0,UG/M3,1 Hr,Valid
Ulaanbaatar,PM2.5 - Principal,2025-01-30 01:00 PM,2025,01,30,13,10.2,53,Moderate,7.0,UG/M3,1 Hr,Valid
Ulaanbaatar,PM2.5 - Principal,2025-01-30 02:00 PM,2025,01,30,14,8.1,45,Good,6.0,UG/M3,1 Hr,Valid
Ulaanbaatar,PM2.5 - Principal,2025-01-30 03:00 PM,2025,01,30,15,7.5,42,Good,7.0,UG/M3,1 Hr,Valid
Ulaanbaatar,PM2.5 - Principal,2025-01-30 04:00 PM,2025,01,30,16,10.2,53,Moderate,13.0,UG/M3,1 Hr,Valid
Ulaanbaatar,PM2.5 - Principal,2025-01-30 05:00 PM,2025,01,30,17,11.1,55,Moderate,12.0,UG/M3,1 Hr,Valid
Ulaanbaatar,PM2.5 - Principal,2025-01-30 06:00 PM,2025,01,30,18,14.5,61,Moderate,18.0,UG/M3,1 Hr,Valid
Ulaanbaatar,PM2.5 - Principal,2025-01-30 07:00 PM,2025,01,30,19,21.7,74,Moderate,29.0,UG/M3,1 Hr,Valid
Ulaanbaatar,PM2.5 - Principal,2025-01-30 08:00 PM,2025,01,30,20,53.9,146,Unhealthy for Sensitive Groups,86.0,UG/M3,1 Hr,Valid
Ulaanbaatar,PM2.5 - Principal,2025-01-30 09:00 PM,2025,01,30,21,101.9,184,Unhealthy,150.0,UG/M3,1 Hr,Valid
Ulaanbaatar,PM2.5 - Principal,2025-01-30 10:00 PM,2025,01,30,22,132.0,207,Very Unhealthy,162.0,UG/M3,1 Hr,Valid
Ulaanbaatar,PM2.5 - Principal,2025-01-30 11:00 PM,2025,01,30,23,155.5,231,Very Unhealthy,179.0,UG/M3,1 Hr,Valid
Ulaanbaatar,PM2.5 - Principal,2025-01-31 12:00 AM,2025,01,31,00,169.2,244,Very Unhealthy,183.0,UG/M3,1 Hr,Valid
Ulaanbaatar,PM2.5 - Principal,2025-01-31 01:00 AM,2025,01,31,01,223.6,298,Very Unhealthy,278.0,UG/M3,1 Hr,Valid
Ulaanbaatar,PM2.5 - Principal,2025-01-31 02:00 AM,2025,01,31,02,234.8,320,Hazardous,246.0,UG/M3,1 Hr,Valid
Ulaanbaatar,PM2.5 - Principal,2025-01-31 03:00 AM,2025,01,31,03,191.4,266,Very Unhealthy,148.0,UG/M3,1 Hr,Valid
Ulaanbaatar,PM2.5 - Principal,2025-01-31 04:00 AM,2025,01,31,04,157.7,233,Very Unhealthy,124.0,UG/M3,1 Hr,Valid
Ulaanbaatar,PM2.5 - Principal,2025-01-31 05:00 AM,2025,01,31,05,120.3,196,Unhealthy,83.0,UG/M3,1 Hr,Valid
Ulaanbaatar,PM2.5 - Principal,2025-01-31 06:00 AM,2025,01,31,06,105.1,186,Unhealthy,90.0,UG/M3,1 Hr,Valid
Ulaanbaatar,PM2.5 - Principal,2025-01-31 07:00 AM,2025,01,31,07,97.6,181,Unhealthy,90.0,UG/M3,1 Hr,Valid
Ulaanbaatar,PM2.5 - Principal,2025-01-31 08:00 AM,2025,01,31,08,105.8,186,Unhealthy,114.0,UG/M3,1 Hr,Valid
Ulaanbaatar,PM2.5 - Principal,2025-01-31 09:00 AM,2025,01,31,09,133.9,209,Very Unhealthy,162.0,UG/M3,1 Hr,Valid
Ulaanbaatar,PM2.5 - Principal,2025-01-31 10:00 AM,2025,01,31,10,118.9,195,Unhealthy,104.0,UG/M3,1 Hr,Valid
Ulaanbaatar,PM2.5 - Principal,2025-01-31 11:00 AM,2025,01,31,11,75.9,165,Unhealthy,33.0,UG/M3,1 Hr,Valid
Ulaanbaatar,PM2.5 - Principal,2025-01-31 12:00 PM,2025,01,31,12,46.4,128,Unhealthy for Sensitive Groups,17.0,UG/M3,1 Hr,Valid
Ulaanbaatar,PM2.5 - Principal,2025-01-31 01:00 PM,2025,01,31,13,32.1,94,Moderate,18.0,UG/M3,1 Hr,Valid
Ulaanbaatar,PM2.5 - Principal,2025-01-31 02:00 PM,2025,01,31,14,25.5,82,Moderate,19.0,UG/M3,1 Hr,Valid
Ulaanbaatar,PM2.5 - Principal,2025-01-31 03:00 PM,2025,01,31,15,22.2,75,Moderate,19.0,UG/M3,1 Hr,Valid
Ulaanbaatar,PM2.5 - Principal,2025-01-31 04:00 PM,2025,01,31,16,20.1,71,Moderate,18.0,UG/M3,1 Hr,Valid
Ulaanbaatar,PM2.5 - Principal,2025-01-31 05:00 PM,2025,01,31,17,26.5,83,Moderate,33.0,UG/M3,1 Hr,Valid
Ulaanbaatar,PM2.5 - Principal,2025-01-31 06:00 PM,2025,01,31,18,32.7,95,Moderate,39.0,UG/M3,1 Hr,Valid
Ulaanbaatar,PM2.5 - Principal,2025-01-31 07:00 PM,2025,01,31,19,35.3,100,Moderate,38.0,UG/M3,1 Hr,Valid
Ulaanbaatar,PM2.5 - Principal,2025-01-31 08:00 PM,2025,01,31,20,44.1,122,Unhealthy for Sensitive Groups,53.0,UG/M3,1 Hr,Valid
Ulaanbaatar,PM2.5 - Principal,2025-01-31 09:00 PM,2025,01,31,21,124.0,199,Unhealthy,204.0,UG/M3,1 Hr,Valid
Ulaanbaatar,PM2.5 - Principal,2025-01-31 10:00 PM,2025,01,31,22,160.5,236,Very Unhealthy,197.0,UG/M3,1 Hr,Valid
Ulaanbaatar,PM2.5 - Principal,2025-01-31 11:00 PM,2025,01,31,23,175.2,250,Very Unhealthy,190.0,UG/M3,1 Hr,Valid
Ulaanbaatar,PM2.5 - Principal,2025-02-01 12:00 AM,2025,02,01,00,199.6,274,Very Unhealthy,224.0,UG/M3,1 Hr,Valid
